gid,pk,pk_vaw,pk_sgi,name_full,name_short
1,7f6f33a1-4ec8-11e8-88b8-985fd331b2ee,65,A55f-03,Glacier de la Plaine Morte,plainemorte
2,df08f88e-7a05-11ec-90d6-0242ac120003,NULL,A10f-03,Chalbertälligletscher,
3,667c6fda-e4b9-4dee-8159-a653bf089f44,NULL,B40-14,Vorderes Galmhorn N,
4,59d74d6b-88e0-4040-b6c2-e92a58969e50,NULL,A51d-12,Stockfirn W,
5,df08f9d8-7a05-11ec-90d6-0242ac120003,NULL,A10f-04,Chessler,
6,d3687522-db9a-4f6e-9063-c11d309df642,NULL,E45-13,Piz Murterchömbel,
7,df08fb40-7a05-11ec-90d6-0242ac120003,NULL,A10g-10,Wintertällichöpf,
8,71d9f22a-f32a-4de9-90c8-22d0ed987415,NULL,E56-05,Piz Vadret,
9,108ca8db-4a06-426c-8f4f-062959720a9c,NULL,B44-36,Sidelengletscher W (VS),
10,09baea33-8224-4e60-a3ac-ab626aa585f6,NULL,A50h-19,Piz Segnas,
11,d8336018-6463-4cbc-8058-eea9f2c01b82,NULL,A12e-17,Vadret da Porchabella NW,
12,15ae1ec4-fca8-4307-987e-7b85870ba716,NULL,A50i-41,Glarner Tödi,
13,b5ac0c5f-a628-412a-ac1e-a3cd22481314,NULL,A51c-14,Oberfirenband,
14,df08fc58-7a05-11ec-90d6-0242ac120003,NULL,A10g-16,Hinteres Plattenhorn,
15,7135c9fe-4819-4011-a508-0f95e7fdfb6d,NULL,A50h-20,Ober Maad,
16,8177fbee-4ec8-11e8-bf58-985fd331b2ee,NULL,A14g-02,Glatscher da Medel,medel
17,817a45e1-4ec8-11e8-ba5c-985fd331b2ee,280,A14g-16,Glatscher da Plattas / Glatscher da Medel,medel
18,ebb65cf3-95dc-4298-a340-89e38d3f1515,NULL,A50i-14,Hintersulzhoren,
19,85fd1663-6782-4a1b-9b34-075db91dc1d4,NULL,A51e-57,Wilden Matten,
20,80035d4f-4ec8-11e8-bff9-985fd331b2ee,385,B55-15,Alphubelgletscher N,alphubelnord
21,7ebfa8e0-9734-47a2-9137-c41823cc7a73,NULL,A51f-58,Rossmettlengrat,
22,f5669d88-75b4-4561-8804-ea04379e18fc,NULL,A51f-81,Schattmigstock,
23,1eb9fcdd-a1f4-49a0-b5c5-6190b640de74,NULL,A51h-12,Hasenstöck,
24,00a61268-4eb4-4435-9552-b04e13abcd49,NULL,A51h-32,Vorder Schloss,
25,df090072-7a05-11ec-90d6-0242ac120003,NULL,A10g-19,Jöriflüelafurgga,
26,62d7dfc8-4d8a-11ee-be56-0242ac120002,NULL,A51f-51,Chuefadfirn,
27,80c32ade-4ec8-11e8-a096-985fd331b2ee,NULL,B46-04,Strahlgrät,
28,812ff670-4ec8-11e8-b06f-985fd331b2ee,NULL,A51g-18,Schlossberggletscher,
29,81193a21-4ec8-11e8-9e2b-985fd331b2ee,NULL,A51h-04,Firenband (NW),
30,e34f5028-7a05-11ec-90d6-0242ac120003,NULL,B23-05,Le Pucé,
31,80e42061-4ec8-11e8-ad7c-985fd331b2ee,NULL,A51h-17,Jochgletscher E,
32,80f81d91-4ec8-11e8-812d-985fd331b2ee,NULL,A51h-25,Galtiberggletscher N,
33,80f97d1e-4ec8-11e8-96bf-985fd331b2ee,NULL,A54e-09,Obertalgletscher W,
34,80e09df0-4ec8-11e8-8658-985fd331b2ee,NULL,A54e-14,Giglistock,
35,80e1fd80-4ec8-11e8-8ae5-985fd331b2ee,NULL,A54e-20,Mittler Tierberg,
36,80d04a40-4ec8-11e8-9ab1-985fd331b2ee,NULL,A54e-25,Schafegg S,
37,80d6b2de-4ec8-11e8-a9e7-985fd331b2ee,NULL,A54f-09,Gelmergletscher N,
38,80d9e72e-4ec8-11e8-8c0d-985fd331b2ee,NULL,A54e-17,Hinder Gadenlauiegg,
39,80b10270-4ec8-11e8-b47d-985fd331b2ee,NULL,A54g-06,Vorder Tierberg  (Guttannen),
40,80bff68f-4ec8-11e8-9725-985fd331b2ee,NULL,A54g-24,Brandlamm-Licken,
41,817d0500-4ec8-11e8-af4a-985fd331b2ee,283,A14l-22,Glatscher da Gliems,gliems
42,82106b5e-4ec8-11e8-a8f3-985fd331b2ee,307,A10g-02,Seegletscher,see
43,81c7064f-4ec8-11e8-9102-985fd331b2ee,301,A13b-03,Glatscher da Sut Fuina,sutfuina
44,820595f0-4ec8-11e8-a6b3-985fd331b2ee,148,A10g-18,Jörigletscher,joeri
45,8214b121-4ec8-11e8-b161-985fd331b2ee,89,A10g-08,Verstanclagletscher,verstankla
46,81ab40f0-4ec8-11e8-9409-985fd331b2ee,143,A13n-04,Zapportgletscher,zapport
47,80bd858f-4ec8-11e8-802e-985fd331b2ee,NULL,A54g-69,Brandlammhorn,
48,80bdfac0-4ec8-11e8-8c5a-985fd331b2ee,NULL,A54h-03,Chlyne Diamantstock,
49,80bb148f-4ec8-11e8-a606-985fd331b2ee,NULL,A54h-10,Ärlengletscher S,
50,bb1decf8-74a9-11ea-bc55-0242ac130003,NULL,A54h-12,Ärlengletscher N,
51,809a6d30-4ec8-11e8-a54d-985fd331b2ee,NULL,A54i-07,Ränfenhorn,
52,809711cf-4ec8-11e8-9106-985fd331b2ee,NULL,A54i-24,Tossengrat,
53,80b7b92e-4ec8-11e8-af78-985fd331b2ee,226,A54g-25,Bächligletscher,baechli
54,80a9d680-4ec8-11e8-b320-985fd331b2ee,133,A54g-08,Tierberggletscher (Guttannen),tierberg
55,0bae777f-776c-4a21-8ae2-52a4ac5fb9af,NULL,A54e-50,Steinlimigletscher N,
56,0d26690f-1f1a-43c3-ac37-5f31546c6d9a,NULL,A54e-51,Triftsteckli,
57,3aff988d-21c1-4c8d-b9fa-dfbec0690ba5,NULL,A54g-73,Roossejoch,
58,315d741a-0b26-493d-8cb0-cab02f8ff97f,NULL,A54g-74,Scheuchzerhorn NW,
59,a0a57b9d-ace0-4bd4-9106-49cf8fb398a1,NULL,A54g-75,Grunerhorn,
60,fc0841a6-f92d-4961-8a09-0818f5a3bf64,NULL,A54g-76,Nasse Strahlegg N,
61,d5da81f8-62f9-43f6-bc01-8b18be95cf18,384,B51-41,Hohsaasgletscher,hohsaas
62,81801240-4ec8-11e8-96fa-985fd331b2ee,82,A14f-15,Glatscher da Lavaz,lavaz
63,8014744f-4ec8-11e8-8051-985fd331b2ee,NULL,A54m-17,Schadrifirn,
64,80964e80-4ec8-11e8-949e-985fd331b2ee,233,A54i-23,Tossen,tossen
65,7fe32b21-4ec8-11e8-8be8-985fd331b2ee,NULL,A55a-02,Bütlasse NW,
66,7fd6f621-4ec8-11e8-a3c4-985fd331b2ee,NULL,A55a-07,Wildi Frau N,
67,7fd4d340-4ec8-11e8-bed3-985fd331b2ee,NULL,A55a-08,Uf der Wart,
68,7fa84500-4ec8-11e8-a4f5-985fd331b2ee,NULL,A55c-04,Altels S,
69,7f85eff0-4ec8-11e8-8a4d-985fd331b2ee,NULL,A55c-21,Daubenjoch,
70,7f7eeb0f-4ec8-11e8-91c0-985fd331b2ee,NULL,A55d-04,Strubelegga,
71,7f525ccf-4ec8-11e8-9e77-985fd331b2ee,NULL,A56d-02,Silberritze ,
72,7f392f80-4ec8-11e8-a241-985fd331b2ee,NULL,A56d-06,Arpelihore,
73,bb1de3e8-74a9-11ea-bc55-0242ac130003,NULL,B36-59,Geisshorn,
74,bb1e2cc2-74a9-11ea-bc55-0242ac130003,NULL,B51-17,Gamsagletscher W,
75,bb1e1732-74a9-11ea-bc55-0242ac130003,NULL,B52-09,Augustkumme Gletscher,
76,7f6c9b91-4ec8-11e8-b3c8-985fd331b2ee,NULL,A55f-04,Tierberggletscher (Lenk),tierberg
77,7f894b4f-4ec8-11e8-ae66-985fd331b2ee,NULL,A55c-16,Tälligletscher (BE),taelli
78,e35107a6-7a05-11ec-90d6-0242ac120003,NULL,B58-30,Schaligletscher E,
79,7fa4c291-4ec8-11e8-9945-985fd331b2ee,249,A55c-03,Altelsgletscher,altels
80,7f9de4c0-4ec8-11e8-9582-985fd331b2ee,248,A55c-07,Rinderhorngletscher,rinderhorn
81,bb1d892a-74a9-11ea-bc55-0242ac130003,NULL,B82-43,Tournelon Blanc E,
82,8242c600-4ec8-11e8-99b4-985fd331b2ee,118,C33-04,Ghiacciaio di Val Torta,valtorta
83,bb1dd04c-74a9-11ea-bc55-0242ac130003,NULL,C00-06,Pizzo d'Andolla E,
84,bb1dbe72-74a9-11ea-bc55-0242ac130003,NULL,C01-01,Schijenhorn,
85,7fb53d4f-4ec8-11e8-bb1d-985fd331b2ee,127,B25-04,Dalagletscher,dala
86,7fb2300f-4ec8-11e8-81a0-985fd331b2ee,196,B30-02,Oberferdengletscher,oberferden
87,7fcce400-4ec8-11e8-888b-985fd331b2ee,195,B30-05,Milibachgletscher,milibach
88,80013a70-4ec8-11e8-9d58-985fd331b2ee,190,B34-02,Üssre Baltschiedergletscher,baltschieder
89,bb1df96e-74a9-11ea-bc55-0242ac130003,NULL,E52-07,Vadret da Chalaus E,
90,bb1e0a1c-74a9-11ea-bc55-0242ac130003,NULL,E56-04,Fuorcla Maisas,
91,80c28ea1-4ec8-11e8-ba28-985fd331b2ee,123,B46-05,Turbegletscher,turben
92,80c5c2ee-4ec8-11e8-a6e1-985fd331b2ee,122,B46-06,Mittlebärggletscher,mittenberg
93,81ca61b0-4ec8-11e8-a206-985fd331b2ee,NULL,A12l-04,Piz Platta E,
94,80231a4f-4ec8-11e8-a471-985fd331b2ee,12,B52-33,Chessjengletscher,kessjen
95,7f1e065e-4ec8-11e8-8b3b-985fd331b2ee,NULL,B17-10,Grand Muveran,
96,7f4df000-4ec8-11e8-9e63-985fd331b2ee,NULL,B22-04,Glacier du Brotsé,
97,7fdac6b0-4ec8-11e8-8010-985fd331b2ee,NULL,B30-13,Tennbachhorn,
98,800e59cf-4ec8-11e8-9379-985fd331b2ee,NULL,B31-01,Breithornjoch,
99,7fcb364f-4ec8-11e8-927c-985fd331b2ee,366,B58-16,Obere Stelligletscher,ostelli
100,801d7500-4ec8-11e8-a790-985fd331b2ee,NULL,B31-23,Beichpass,
101,80064380-4ec8-11e8-8ccd-985fd331b2ee,NULL,B32-10,Loibinbachgletscher W,
102,7fe43c8f-4ec8-11e8-9b9f-985fd331b2ee,NULL,B32-14,Bietschjoch,
103,7fe3c75e-4ec8-11e8-a3a3-985fd331b2ee,NULL,B33-06,Jolihorn,
104,7fe993c0-4ec8-11e8-a77c-985fd331b2ee,NULL,B33-07,Bietschgletscher E,
105,7f9f6b61-4ec8-11e8-adbe-985fd331b2ee,21,B61-02,Bella Tola Gletscher,bellatola
106,7ff2e28f-4ec8-11e8-b9cc-985fd331b2ee,NULL,B33-10,Bietschhorn S,
107,8011dc40-4ec8-11e8-a36d-985fd331b2ee,NULL,B34-03,Innre Baltschiedergletscher,
108,7f748ad1-4ec8-11e8-9f07-985fd331b2ee,209,B72-19,Le Biégnèt,biegnet
109,801844e1-4ec8-11e8-b5f8-985fd331b2ee,NULL,B34-08,Innre Baltschiedergletscher E,
110,8046a7de-4ec8-11e8-bef0-985fd331b2ee,NULL,B36-15,Gross Fusshorn,
111,806ad1b0-4ec8-11e8-8099-985fd331b2ee,NULL,B36-30,Chamm SW,
112,806ccd80-4ec8-11e8-a41a-985fd331b2ee,NULL,B36-51,Grünhörnli,
113,8067c470-4ec8-11e8-b58b-985fd331b2ee,NULL,B36-53,Chamm NW,
114,80772dc0-4ec8-11e8-93c8-985fd331b2ee,NULL,B40-12,Senfspitze NE,
115,808dc300-4ec8-11e8-836c-985fd331b2ee,NULL,B40-19,Finsteraarrothorn E,
116,80ebc180-4ec8-11e8-a574-985fd331b2ee,NULL,B43-06,Galengrat S,
117,80d8fcd1-4ec8-11e8-8c08-985fd331b2ee,NULL,B43-11,Hintere Gelmerhörner,
118,80f892c0-4ec8-11e8-a01a-985fd331b2ee,NULL,B44-23,Sidelengletscher E (VS),
119,80dcf470-4ec8-11e8-8604-985fd331b2ee,NULL,B44-29,Blasgletscher NW,
120,7f2902de-4ec8-11e8-9106-985fd331b2ee,158,B84-18,Glacier du Vélon,petitvelan
121,7efe7070-4ec8-11e8-863c-985fd331b2ee,222,B92-07,Glacier des Fonds,fonds
122,80d616a1-4ec8-11e8-8b3d-985fd331b2ee,NULL,B43-02,Walliser Gärstengletscher,
123,8080f1c0-4ec8-11e8-96c8-985fd331b2ee,NULL,B47-02,Bortelgletscher,
124,806d42b0-4ec8-11e8-9d11-985fd331b2ee,NULL,B47-05,Homattugletscher N,
125,8044ac0f-4ec8-11e8-82fa-985fd331b2ee,NULL,B51-04,Senggjoch,
126,80479240-4ec8-11e8-aec4-985fd331b2ee,NULL,B51-08,Fletschhorn,
127,e34f5122-7a05-11ec-90d6-0242ac120003,NULL,B23-06,Col des Audannes,
128,81f9fd2e-4ec8-11e8-a5b4-985fd331b2ee,NULL,E42-14,Porchabella,
129,e34f542e-7a05-11ec-90d6-0242ac120003,NULL,B24-05,Mont Bonvin,
130,e34f5528-7a05-11ec-90d6-0242ac120003,NULL,B24-06,Nuseyhorn,
131,80439a9e-4ec8-11e8-b03b-985fd331b2ee,NULL,B51-16,Grüebugletscher N,
132,8050e111-4ec8-11e8-8250-985fd331b2ee,NULL,B52-08,Wysstalgletscher,
133,81215070-4ec8-11e8-9ffe-985fd331b2ee,117,C33-08,Ghiacciaio di Valleggia,valleggia
134,80e299c0-4ec8-11e8-b5fe-985fd331b2ee,120,C34-01,Ghiacciaio del Corno,corno
135,81d5371e-4ec8-11e8-a1e9-985fd331b2ee,342,C84-02,Vadrec dal Bacun,bacun
136,80208240-4ec8-11e8-8888-985fd331b2ee,NULL,B52-27,Hangendegletscher (Saas-Almagell),hangende
137,81feb821-4ec8-11e8-b0e7-985fd331b2ee,147,E46-03,Schwarzhorngletscher (Zernez),schwarzhorn
138,80cd15f0-4ec8-11e8-ad88-985fd331b2ee,NULL,B45-06,Ritzgletscher,ritz
139,80ffbeb0-4ec8-11e8-abc0-985fd331b2ee,NULL,B44-20,Chüebodengletscher,chueebode
140,7fc060e1-4ec8-11e8-8181-985fd331b2ee,NULL,B60-02,Hungerli Gletscher,
141,7fbc904f-4ec8-11e8-b060-985fd331b2ee,NULL,B60-06,Barrwang,
142,7fa537c0-4ec8-11e8-85c3-985fd331b2ee,NULL,B60-10,Diablons des Dames,
143,7fa2c6c0-4ec8-11e8-acae-985fd331b2ee,NULL,B63-03,Glacier du Besso,
144,7f7f874f-4ec8-11e8-9eb8-985fd331b2ee,NULL,B72-02,Glacier du Mourti,
145,7f6bb130-4ec8-11e8-b7e1-985fd331b2ee,NULL,B73-33,Bas Glacier d'Arolla,
146,7f411ec0-4ec8-11e8-bc6a-985fd331b2ee,NULL,B75-07,Glacier du Petit Mont Fort,
147,7f47fc8f-4ec8-11e8-8b97-985fd331b2ee,NULL,B82-07,Glacier de Sovereu,
148,7f5e1ca1-4ec8-11e8-ab10-985fd331b2ee,NULL,B82-21,Glacier de la Grande Lire,
149,7f5fa340-4ec8-11e8-8f7e-985fd331b2ee,NULL,B82-28,Becca Rayette,
150,7f1c31a1-4ec8-11e8-bb11-985fd331b2ee,NULL,B85-14,Crête Sèche,
151,7f1b4740-4ec8-11e8-a78e-985fd331b2ee,NULL,B85-15,Glacier de l'Evole E,
152,7f10e700-4ec8-11e8-9108-985fd331b2ee,NULL,B85-18,Glacier des Plines,
153,7efa51c0-4ec8-11e8-940e-985fd331b2ee,NULL,B92-03,Glacier de la Fenive,
154,7f06add1-4ec8-11e8-b80e-985fd331b2ee,NULL,B93-08,Creux Chateau,
155,7f096cf0-4ec8-11e8-8bf8-985fd331b2ee,NULL,B95-02,La Forteresse,
156,7f006c40-4ec8-11e8-89ed-985fd331b2ee,NULL,B95-08,Grande Pente,
157,7ef0b4cf-4ec8-11e8-bdab-985fd331b2ee,NULL,B95-13,Dent du Signal,
158,7efce9cf-4ec8-11e8-a7fb-985fd331b2ee,NULL,B95-16,Grand Ruan E,
159,80596c91-4ec8-11e8-a783-985fd331b2ee,NULL,C00-09,Weissmies SE,
160,8057e5ee-4ec8-11e8-9906-985fd331b2ee,NULL,C01-05,Weissmies NE,
161,8056d480-4ec8-11e8-a0ba-985fd331b2ee,NULL,C01-07,Laggingletscher,
162,805a7e00-4ec8-11e8-a09c-985fd331b2ee,NULL,C01-10,Sibilufluegletscher,
163,804c4d2e-4ec8-11e8-b002-985fd331b2ee,NULL,C02-08,Böshorn,
164,8069e74f-4ec8-11e8-bdc5-985fd331b2ee,NULL,C04-02,Homattugletscher S,
165,817b3040-4ec8-11e8-9164-985fd331b2ee,NULL,C42-03,Piz Medel,
166,8195e430-4ec8-11e8-bdda-985fd331b2ee,NULL,C43-04,Vadrecc di Sorda,
167,81a6fb30-4ec8-11e8-9726-985fd331b2ee,NULL,C46-03,Ghiacciaio di Basso,
168,81ae9c4f-4ec8-11e8-8e6a-985fd331b2ee,NULL,C51-04,Zapporthorn,
169,81de37cf-4ec8-11e8-b402-985fd331b2ee,NULL,C83-05,Vadrec dei Rossi,
170,81ded40f-4ec8-11e8-8c97-985fd331b2ee,NULL,C83-08,Sella del Forno,
171,821f3870-4ec8-11e8-9a46-985fd331b2ee,NULL,E54-01,Vadret da Tasna,
172,bb1e17f0-74a9-11ea-bc55-0242ac130003,NULL,B46-43,Mättitalgletscher E,
173,5fc10a0f-7c4d-4e18-a729-71e4672eaf0f,NULL,A54g-77,Alte Strahlegg E,
174,a7aba90e-660f-40fc-937d-3d3164a508fd,NULL,A54g-78,Alte Strahlegg N,
175,df58d36b-4388-43f0-aab3-25dcaf453ccb,NULL,A54g-79,Kl. Lauteraarhorn NE,
176,44eca097-696a-413e-a6be-2b527cf7d0ac,NULL,A54i-27,Hubelgletscher,
177,0c95a29a-ea8d-41fe-9dfb-b6784df5f557,NULL,A54l-58,Schreckhorn S,
178,9fc47950-7871-4dbb-b7ff-357d175dc2bf,NULL,A56d-09,Wildhorn,
179,d5de12b9-c12e-414b-86da-98c025734277,NULL,A54m-77,Wärmietenhoren,
180,2e5d6347-0822-434c-8df6-2ee37a39e049,NULL,A55a-27,Wildi Frau E,
181,df097016-7a05-11ec-90d6-0242ac120003,NULL,A12g-05,Piz Radond,
182,df097138-7a05-11ec-90d6-0242ac120003,NULL,A12g-07,Piz Murtel Trigd,
183,da3d248a-f028-4b7d-9512-b77e750d1f75,NULL,B24-02,Col des Outannes,
184,df097250-7a05-11ec-90d6-0242ac120003,NULL,A12g-08,Piz Bleis Marscha,
185,df097368-7a05-11ec-90d6-0242ac120003,NULL,A12g-09,Piz da l'Antgierna de Salteras SW,
186,df096a12-7a05-11ec-90d6-0242ac120003,NULL,A12g-11,Piz Salteras E,
187,df096904-7a05-11ec-90d6-0242ac120003,NULL,A12g-10,Piz Mulix,
188,df096b20-7a05-11ec-90d6-0242ac120003,NULL,A12g-12,Piz da l'Antgierna de Salteras NE,
189,df096c2e-7a05-11ec-90d6-0242ac120003,NULL,A12g-13,Piz digl Barba Peder,
190,df0975a2-7a05-11ec-90d6-0242ac120003,NULL,A12i-01,Piz Val Lunga,
191,df09748a-7a05-11ec-90d6-0242ac120003,NULL,A12h-01,Piz Ela W,
192,df097994-7a05-11ec-90d6-0242ac120003,NULL,A12i-23,Fuorcla Laviner W,
193,e34f5b54-7a05-11ec-90d6-0242ac120003,NULL,B25-06,Majinggletscher N,
194,e34f5d52-7a05-11ec-90d6-0242ac120003,NULL,B25-09,Gitzifurggu,
195,e34f5636-7a05-11ec-90d6-0242ac120003,NULL,B25-10,Ferdenrothorn SW,
196,e34f592e-7a05-11ec-90d6-0242ac120003,NULL,B25-20,Furggentälti,
197,e34f670c-7a05-11ec-90d6-0242ac120003,NULL,B30-07,Alpätraift,
198,e34f6806-7a05-11ec-90d6-0242ac120003,NULL,B30-08,Tellifurgga,
199,e34f6900-7a05-11ec-90d6-0242ac120003,NULL,B30-09,Ferdenrothorn S,
200,e34f5e4c-7a05-11ec-90d6-0242ac120003,NULL,B30-11,Märbiglücke S,
201,df09ebea-7a05-11ec-90d6-0242ac120003,NULL,A13n-13,Häx,
202,14011940-96b6-49e1-b932-8c8738754d0d,NULL,B41-10,Tâschehorn E,
203,d6a186df-476b-4657-97a6-16220b4d62b4,NULL,B43-13,Sidelengrat NW,
204,e34f61ee-7a05-11ec-90d6-0242ac120003,NULL,B30-17,Tellispitza,
205,e34f6612-7a05-11ec-90d6-0242ac120003,NULL,B30-39,Kleinhockenhorn S,
206,e34f6bb2-7a05-11ec-90d6-0242ac120003,NULL,B31-18,Jegigletscher SE,
207,e34f6cc0-7a05-11ec-90d6-0242ac120003,NULL,B32-01,Breitlauihotn,
208,46bcd901-afdb-4525-a366-e4d536f2a8ee,NULL,B41-11,Hangandgletscher SW,
209,e34f6dba-7a05-11ec-90d6-0242ac120003,NULL,B32-13,Bietschhornhütte,
210,e34f6eaa-7a05-11ec-90d6-0242ac120003,NULL,B32-15,Schwarzhorn E,
211,e34f6fae-7a05-11ec-90d6-0242ac120003,NULL,B32-16,Schwarzhorn N,
212,e34f70a8-7a05-11ec-90d6-0242ac120003,NULL,B32-18,Schwarzhorn S,
213,e34f71a2-7a05-11ec-90d6-0242ac120003,NULL,B32-20,Opental E,
214,e34f7292-7a05-11ec-90d6-0242ac120003,NULL,B32-21,Chastlerhorn,
215,e34f7508-7a05-11ec-90d6-0242ac120003,NULL,B32-22,Opental SE,
216,e34f7602-7a05-11ec-90d6-0242ac120003,NULL,B32-23,Opental S ,
217,e34f76fc-7a05-11ec-90d6-0242ac120003,NULL,B33-01,Wannihorn,
218,e34f7ae4-7a05-11ec-90d6-0242ac120003,NULL,B34-09,Gredetschlicka,
219,e34f78f0-7a05-11ec-90d6-0242ac120003,NULL,B34-10,Grüebhorn,
220,e34f79ea-7a05-11ec-90d6-0242ac120003,NULL,B34-11,Tiereggpass,
221,e34f8296-7a05-11ec-90d6-0242ac120003,NULL,B35-04,Grisigpass,
222,e34f8386-7a05-11ec-90d6-0242ac120003,NULL,B35-08,Hostock,
223,e34f7bde-7a05-11ec-90d6-0242ac120003,NULL,B35-12,Grisighorn,
224,e34f7ecc-7a05-11ec-90d6-0242ac120003,NULL,B35-13,Grisigpass N,
225,e34f8070-7a05-11ec-90d6-0242ac120003,NULL,B35-14,Unnerbächhorn SE,
226,e34f848a-7a05-11ec-90d6-0242ac120003,NULL,B36-14,Gross Fusshorn N,
227,df0b6f60-7a05-11ec-90d6-0242ac120003,235,A54k-01,Schwarzhoren,schwarzwald
228,df0901b2-7a05-11ec-90d6-0242ac120003,NULL,A10g-20,Isenfürggli,
229,df0902e8-7a05-11ec-90d6-0242ac120003,NULL,A10g-22,Pischahorn E,
230,df09040a-7a05-11ec-90d6-0242ac120003,NULL,A10g-23,Chueberggrat,
231,e34f8944-7a05-11ec-90d6-0242ac120003,NULL,B36-29,Turberg,
232,e34f8b38-7a05-11ec-90d6-0242ac120003,NULL,B36-45,Zenbächenhorn S,
233,e34f8c32-7a05-11ec-90d6-0242ac120003,NULL,B36-48,Viertes Dreieck N,
234,e34f8e76-7a05-11ec-90d6-0242ac120003,NULL,B36-55,Chamm S,
235,e34f968c-7a05-11ec-90d6-0242ac120003,NULL,B36-60,Jegi W,
236,df097bce-7a05-11ec-90d6-0242ac120003,NULL,A12j-03,Tellers Davains,
237,df098060-7a05-11ec-90d6-0242ac120003,NULL,A12k-03,Bleis Lunga,
238,df098182-7a05-11ec-90d6-0242ac120003,NULL,A12l-01,Massaspitz,
239,df098c04-7a05-11ec-90d6-0242ac120003,NULL,A12l-08,Pizzet,
240,df098d1c-7a05-11ec-90d6-0242ac120003,NULL,A12l-09,Fuorcla Bercla,
241,df09829a-7a05-11ec-90d6-0242ac120003,NULL,A12l-10,Tällifurgga N,
242,df098416-7a05-11ec-90d6-0242ac120003,NULL,A12l-11,Tällifurgga W,
243,df0986dc-7a05-11ec-90d6-0242ac120003,NULL,A12l-12,Tällifurgga E,
244,bb1e0616-74a9-11ea-bc55-0242ac130003,NULL,B36-62,Schönbühlgetscher S,
245,9bbde185-c7c8-4d1b-ad04-9bf2db60c836,NULL,B53-21,Gemsplatten,
246,e34f93a8-7a05-11ec-90d6-0242ac120003,NULL,B36-36,Schinhorn S,
247,8037dad1-4ec8-11e8-902c-985fd331b2ee,NULL,B31-05,Anchunubel S,
248,80189300-4ec8-11e8-b308-985fd331b2ee,NULL,B31-24,Lonzahörner,
249,df098e2a-7a05-11ec-90d6-0242ac120003,NULL,A13b-02,Piz Alv,
250,df098f56-7a05-11ec-90d6-0242ac120003,NULL,A13b-04,Piz da Schmorras,
251,df099230-7a05-11ec-90d6-0242ac120003,NULL,A13c-02,Fuorcla Curtegns,
252,df09935c-7a05-11ec-90d6-0242ac120003,NULL,A13c-03,Hüreli,
253,df09946a-7a05-11ec-90d6-0242ac120003,NULL,A13d-01,Tälihorn,
254,e34f9808-7a05-11ec-90d6-0242ac120003,NULL,B36-61,Kranzbergfirn E,
255,e34f9dc6-7a05-11ec-90d6-0242ac120003,NULL,B40-08,Finsteraarhorn E,
256,e34f9970-7a05-11ec-90d6-0242ac120003,NULL,B40-18,Finsteraarrothorn SE,
257,e34f9c4a-7a05-11ec-90d6-0242ac120003,NULL,B40-23,Tâschehorn W,
258,e34fa0b4-7a05-11ec-90d6-0242ac120003,NULL,B41-01,Latt,
259,e34fa1e0-7a05-11ec-90d6-0242ac120003,NULL,B41-12,Oberlicke E,
260,b3374273-2469-47f5-ac9a-fb3c2f29b569,NULL,B60-25,Wyssegglicke,
261,e34fa2f8-7a05-11ec-90d6-0242ac120003,NULL,B41-14,Vorderes Galmihorn,
262,e34fa410-7a05-11ec-90d6-0242ac120003,NULL,B41-15,Unnerlicke,
263,e34fa51e-7a05-11ec-90d6-0242ac120003,NULL,B41-16,Gälmjinihörner,
264,e34fa622-7a05-11ec-90d6-0242ac120003,NULL,B41-17,Ritzihorn,
265,e34fa744-7a05-11ec-90d6-0242ac120003,NULL,B41-18,Ritzihorn N,
266,e34faa28-7a05-11ec-90d6-0242ac120003,NULL,B41-19,Gälmjinihörner SE,
267,e34fab4a-7a05-11ec-90d6-0242ac120003,NULL,B41-20,Gross Chastelhorn,
268,e34fac62-7a05-11ec-90d6-0242ac120003,NULL,B41-21,Rossejoch,
269,e34fad66-7a05-11ec-90d6-0242ac120003,NULL,B41-22,Rossehörner S,
270,e34fae7e-7a05-11ec-90d6-0242ac120003,NULL,B41-23,Unnerbärg,
271,e34fb464-7a05-11ec-90d6-0242ac120003,NULL,B42-01,Löffelhorn S,
272,e34fb798-7a05-11ec-90d6-0242ac120003,NULL,B43-14,Vorder Gärstenhorn N,
273,e34fb8b0-7a05-11ec-90d6-0242ac120003,NULL,B43-15,Vorder Gärstenhorn,
274,e34fc968-7a05-11ec-90d6-0242ac120003,NULL,B44-05,Tällistock,
275,e34fb9be-7a05-11ec-90d6-0242ac120003,NULL,B44-14,Sasshörner-Nordgipfel,
276,e34fbacc-7a05-11ec-90d6-0242ac120003,NULL,B44-15,Gerengletscher NW,
277,e34fbec8-7a05-11ec-90d6-0242ac120003,NULL,B44-18,Gerengletscher SW,
278,e34fbfcc-7a05-11ec-90d6-0242ac120003,NULL,B44-25,Mettlihorn,
279,e34fc0e4-7a05-11ec-90d6-0242ac120003,NULL,B44-26,Mettligletscher,
280,e34fc1f2-7a05-11ec-90d6-0242ac120003,NULL,B44-27,Pizzo Gallina,
281,e34fc404-7a05-11ec-90d6-0242ac120003,NULL,B44-32,Sasshörner-Südgipfel,
282,e34fc63e-7a05-11ec-90d6-0242ac120003,NULL,B44-33,Muttenlücke,
283,e34fc74c-7a05-11ec-90d6-0242ac120003,NULL,B44-34,Blashorn,
284,e34fc85a-7a05-11ec-90d6-0242ac120003,NULL,B44-35,Pizzo Gallina E,
285,e34fca6c-7a05-11ec-90d6-0242ac120003,NULL,B45-01,Mittaghorn,
286,e34fcc9c-7a05-11ec-90d6-0242ac120003,NULL,B45-14,Fülhorn SE,
287,e34fcdaa-7a05-11ec-90d6-0242ac120003,NULL,B45-16,Fülhorn SW,
288,e34fd048-7a05-11ec-90d6-0242ac120003,NULL,B45-17,Vordri Sulzlicke,
289,e34fd160-7a05-11ec-90d6-0242ac120003,NULL,B45-18,Ritzberge,
290,e34fd26e-7a05-11ec-90d6-0242ac120003,NULL,B45-19,Ritzfurgge,
291,e34fd48a-7a05-11ec-90d6-0242ac120003,NULL,B45-21,Merezebachschije ,
292,e34fd598-7a05-11ec-90d6-0242ac120003,NULL,B45-22,Rote Schije,
293,e34fd69c-7a05-11ec-90d6-0242ac120003,NULL,B45-23,Klein Blinnenhorn,
294,df0942d0-7a05-11ec-90d6-0242ac120003,NULL,A12d-25,Chüealptal-Sertig E,
295,591e360d-913e-478c-a0b3-a7ac2a0c3014,NULL,B82-46,Rouge de Gietro,
296,80e8cd4f-7fce-4606-9b1b-3b30f8a427a6,NULL,B82-57,La Torbesse,
297,8c28925c-a2a1-4ece-9309-a18a667b5f67,NULL,B83-20,Grand Laget S,
298,72d248fd-01c2-4f93-ae25-e7c357f5d912,NULL,B83-21,Oujets de Bagnes N,
299,50bd0add-72cd-4880-82e0-99313b588e2a,NULL,B83-22,Pointe de Boveire,
300,458ae9b0-2738-4a3b-b615-671adae8fd89,NULL,B83-23,Col de Lâne W,
301,b326e7d3-6377-4419-a190-d6ab045160bd,NULL,B84-32,Les Monts Telliers,
302,fd72aef4-c5f3-491d-98cf-e99f77f1ddfa,NULL,B84-36,Testa Grisa W,
303,e34fe0f6-7a05-11ec-90d6-0242ac120003,NULL,B45-24,Blinnenhorn Corno Cieco,
304,e34fe2fe-7a05-11ec-90d6-0242ac120003,NULL,B45-30,Rappehorn S,
305,df0997d0-7a05-11ec-90d6-0242ac120003,NULL,A13f-01,Piotjoch,
306,df0998f2-7a05-11ec-90d6-0242ac120003,NULL,A13f-02,Piz Predarossa,
307,81cb7321-4ec8-11e8-b336-985fd331b2ee,NULL,A12l-02,Juppenhorn,
308,df099a0a-7a05-11ec-90d6-0242ac120003,NULL,A13f-03,Wissberg,
309,df099e24-7a05-11ec-90d6-0242ac120003,NULL,A13f-05,Predarossa,
310,df09ac02-7a05-11ec-90d6-0242ac120003,NULL,A13g-04,Pizzun,
311,df09b224-7a05-11ec-90d6-0242ac120003,NULL,A13h-11,Piz della Palù N,
312,802feb8f-4ec8-11e8-9caf-985fd331b2ee,NULL,A54m-31,Biglenlamm,
313,9eff5b1d-1ad8-4df8-9737-4bd397553a4a,NULL,B92-13,Aiguille du Charmoz,
314,df090522-7a05-11ec-90d6-0242ac120003,NULL,A10g-25,Chremersattel,
315,df090630-7a05-11ec-90d6-0242ac120003,NULL,A10g-26,Chlein Wintertälli E,
316,e231c64e-6cd4-4411-bb9b-bcc6a96f7588,NULL,C02-14,Wenghorn,
317,e34f3480-7a05-11ec-90d6-0242ac120003,251,A56e-05,Oldenhorn,olden
318,df099cbc-7a05-11ec-90d6-0242ac120003,NULL,A13f-04,Pürder Furgga,
319,81c7a28f-4ec8-11e8-a0a4-985fd331b2ee,NULL,A13g-10,Vadrec da la Bles,
320,df099f50-7a05-11ec-90d6-0242ac120003,NULL,A13f-06,Bergalgapass,
321,df09a7fc-7a05-11ec-90d6-0242ac120003,NULL,A13g-16,Vadrec da la Bles N,
322,80958b2e-4ec8-11e8-b228-985fd331b2ee,NULL,B40-10,Wasenhorn S,
323,809b578f-4ec8-11e8-b0e2-985fd331b2ee,NULL,B41-03,Wasenhorn E,
324,80e531cf-4ec8-11e8-9956-985fd331b2ee,NULL,B43-10,Sidelengrat W,
325,80daf8a1-4ec8-11e8-9c03-985fd331b2ee,NULL,B44-30,Blasgletscher W,
326,df09a914-7a05-11ec-90d6-0242ac120003,NULL,A13g-17,Pizz Gallagiun,
327,df09c714-7a05-11ec-90d6-0242ac120003,NULL,A13h-03,Piz Por E,
328,df09c82c-7a05-11ec-90d6-0242ac120003,NULL,A13h-04,Piz Timun,
329,df09ca0c-7a05-11ec-90d6-0242ac120003,NULL,A13h-05,Piz Miez,
330,df09cb1a-7a05-11ec-90d6-0242ac120003,NULL,A13h-06,Piz dil Crot,
331,df09cc32-7a05-11ec-90d6-0242ac120003,NULL,A13h-07,Passo Crotto N,
332,df09cff2-7a05-11ec-90d6-0242ac120003,NULL,A13h-08,Val Niemet N,
333,df09d10a-7a05-11ec-90d6-0242ac120003,NULL,A13h-09,Passo Crotto S,
334,df09b10c-7a05-11ec-90d6-0242ac120003,NULL,A13h-10,Cuort Viglia,
335,df09b33c-7a05-11ec-90d6-0242ac120003,NULL,A13h-12,Val Niemet S,
336,df09b45e-7a05-11ec-90d6-0242ac120003,NULL,A13h-13,Pass da Niemet E,
337,e34febbe-7a05-11ec-90d6-0242ac120003,NULL,B46-01,Fäldbachsee,
338,e3501da0-7a05-11ec-90d6-0242ac120003,NULL,B46-08,Eggerscharte,
339,e3502106-7a05-11ec-90d6-0242ac120003,NULL,B46-09,Seewischhorn E,
340,e34fece0-7a05-11ec-90d6-0242ac120003,NULL,B46-12,Zantmärjelebiel,
341,e34fedee-7a05-11ec-90d6-0242ac120003,NULL,B46-15,Chriegalppass Passo di Cornera,
342,f623fa99-d964-4c29-bb87-50d5f0318680,NULL,C84-29,Cima da Murtaira,
343,e34ff4f6-7a05-11ec-90d6-0242ac120003,NULL,B46-21,Chleini Hilla,
344,e34ff672-7a05-11ec-90d6-0242ac120003,NULL,B46-26,Holzjihorn,
345,e34ff898-7a05-11ec-90d6-0242ac120003,NULL,B46-27,Holzjihorn S,
346,e34ffd8e-7a05-11ec-90d6-0242ac120003,NULL,B46-32,Albrunhorn,
347,e34ffe92-7a05-11ec-90d6-0242ac120003,NULL,B46-33,Seewischhorn W,
348,e35000ae-7a05-11ec-90d6-0242ac120003,NULL,B46-35,Rothorn E (Binn),
349,e35002ca-7a05-11ec-90d6-0242ac120003,NULL,B46-40,Fleschhorn W,
350,df09b56c-7a05-11ec-90d6-0242ac120003,NULL,A13h-14,Piz Timun N,
351,df09b76a-7a05-11ec-90d6-0242ac120003,NULL,A13h-15,Pass da Niemet W,
352,df09b882-7a05-11ec-90d6-0242ac120003,NULL,A13h-16,Piz Por S,
353,df09b990-7a05-11ec-90d6-0242ac120003,NULL,A13h-17,Veneroccal,
354,df09bb98-7a05-11ec-90d6-0242ac120003,NULL,A13h-18,Bocchetta del Pinerocolo,
355,df09bcc4-7a05-11ec-90d6-0242ac120003,NULL,A13h-19,Piz Ursaregls,
356,df09bf76-7a05-11ec-90d6-0242ac120003,NULL,A13h-20,Piz della Palù NE,
357,df09c1ec-7a05-11ec-90d6-0242ac120003,NULL,A13h-21,Piz della Palù NW,
358,df09c304-7a05-11ec-90d6-0242ac120003,NULL,A13h-22,Piz della Palù E,
359,81c2e7a1-4ec8-11e8-89bb-985fd331b2ee,NULL,A13i-01,Piz Por,
360,df09c430-7a05-11ec-90d6-0242ac120003,NULL,A13h-23,Guglie d'Altare,
361,ab62aca0-96b1-4179-9e7d-63b8e15cc279,NULL,E15-16,Piz Prünella W,
362,e0dabace-f27e-4232-8983-a8ce5636416b,NULL,E15-18,Munt Cotschen NW,
363,81c3f90f-4ec8-11e8-a120-985fd331b2ee,NULL,A13i-05,Piz Muttala,
364,df09c570-7a05-11ec-90d6-0242ac120003,NULL,A13h-24,Piz della Palù SE,
365,df09d222-7a05-11ec-90d6-0242ac120003,NULL,A13j-01,Äussere Schwarzhörner,
366,81c076a1-4ec8-11e8-b93d-985fd331b2ee,NULL,A13j-03,Surettahorn,
367,df09d3ee-7a05-11ec-90d6-0242ac120003,NULL,A13j-04,Surettajoch,
368,81c139ee-4ec8-11e8-b218-985fd331b2ee,NULL,A13j-02,Schwarzhorngletscher (Rheinwald),
369,df09d5ce-7a05-11ec-90d6-0242ac120003,NULL,A13l-01,Pizzo Tambo,
370,e3500964-7a05-11ec-90d6-0242ac120003,NULL,B46-41,Wannigletscher N,
371,e3500ce8-7a05-11ec-90d6-0242ac120003,NULL,B46-47,Milihorn,
372,e3500df6-7a05-11ec-90d6-0242ac120003,NULL,B46-49,Turbejoch,
373,e3500ffe-7a05-11ec-90d6-0242ac120003,NULL,B46-50,Helsenhorn NW ,
374,df09f388-7a05-11ec-90d6-0242ac120003,NULL,A14b-05,Piz Tuf,
375,e3501102-7a05-11ec-90d6-0242ac120003,NULL,B46-51,Rothorn W (Grengiols),
376,532c9ff8-03b3-4d54-a381-f14afef6196e,NULL,E73-08,Piz Larain,
377,e3501378-7a05-11ec-90d6-0242ac120003,NULL,B46-52,Rothorn  (Grengiols),
378,e3501490-7a05-11ec-90d6-0242ac120003,NULL,B46-53,Blauseelicke,
379,e3501594-7a05-11ec-90d6-0242ac120003,NULL,B46-54,Oberblatthorn,
380,e35017f6-7a05-11ec-90d6-0242ac120003,NULL,B46-55,Bochtehorn E,
381,e3501968-7a05-11ec-90d6-0242ac120003,NULL,B46-56,Bochtehorn N,
382,e3501a94-7a05-11ec-90d6-0242ac120003,NULL,B46-57,Helsenhorn NE,
383,e3501ba2-7a05-11ec-90d6-0242ac120003,NULL,B46-58,Helsenhorn E,
384,e350252a-7a05-11ec-90d6-0242ac120003,NULL,B47-11,Ganterhorn,
385,e3504b9a-7a05-11ec-90d6-0242ac120003,NULL,B50-05,Ritze S,
386,e3504c80-7a05-11ec-90d6-0242ac120003,NULL,B50-07,Fletschhornhütte,
387,e3504d66-7a05-11ec-90d6-0242ac120003,NULL,B50-08,Simelipass,
388,e3504e56-7a05-11ec-90d6-0242ac120003,NULL,B50-09,Mattwaldhorn E,
389,e35062c4-7a05-11ec-90d6-0242ac120003,NULL,B51-07,Jegiturm S,
390,81c46e40-4ec8-11e8-a4e7-985fd331b2ee,NULL,A13h-02,Glatscher da Niemet,
391,e35057c0-7a05-11ec-90d6-0242ac120003,NULL,B51-18,Jegiturm,
392,e35058a6-7a05-11ec-90d6-0242ac120003,NULL,B51-35,Triftgrat W,
393,df09df24-7a05-11ec-90d6-0242ac120003,NULL,A13l-03,Cima de Val Loga,
394,df0976b0-7a05-11ec-90d6-0242ac120003,322,A12i-02,Piz Jenatsch,jenatsch
395,df09073e-7a05-11ec-90d6-0242ac120003,NULL,A10g-28,Plattenhörner N,
396,df090a90-7a05-11ec-90d6-0242ac120003,NULL,A10g-29,Fuorcla Zadrell,
397,df0b21e0-7a05-11ec-90d6-0242ac120003,NULL,A51f-06,Älprigenlücke,
398,df0b29ba-7a05-11ec-90d6-0242ac120003,NULL,A51f-09,Winteregg,
399,df0b1e16-7a05-11ec-90d6-0242ac120003,NULL,A51f-21,Vorder Mur,
400,df0b1f24-7a05-11ec-90d6-0242ac120003,NULL,A51f-39,Chalchtal,
401,813610f0-4ec8-11e8-a56b-985fd331b2ee,NULL,A51f-62,Vorder Lochstock,
402,810bf3b0-4ec8-11e8-96fd-985fd331b2ee,NULL,A51f-72,Chelenalphorn,
403,df0b23fc-7a05-11ec-90d6-0242ac120003,NULL,A51f-73,Hoch Horenfellistock,
404,813ca09e-4ec8-11e8-a0c9-985fd331b2ee,NULL,A51f-84,Sasspass,
405,df0b28ac-7a05-11ec-90d6-0242ac120003,NULL,A51f-87,Sustenspitz,
406,df0b5a52-7a05-11ec-90d6-0242ac120003,NULL,A54g-05,Aarwang,
407,bb1e3c62-74a9-11ea-bc55-0242ac130003,NULL,B45-35,Sulzgeltscher,
408,df0b451c-7a05-11ec-90d6-0242ac120003,NULL,A54g-22,Chüetriftehoren,
409,80c17d30-4ec8-11e8-b367-985fd331b2ee,NULL,A54g-23,Brünberg,
410,df0919d6-7a05-11ec-90d6-0242ac120003,NULL,A10g-06,Chremrchöpf,
411,81bb949e-4ec8-11e8-bb05-985fd331b2ee,NULL,A13l-02,Ghiacciaio del Tambo,
412,df09e03c-7a05-11ec-90d6-0242ac120003,NULL,A13l-05,Pizzo Curciusa,
413,df09e28a-7a05-11ec-90d6-0242ac120003,NULL,A13l-08,I Verdin,
414,df09e38e-7a05-11ec-90d6-0242ac120003,NULL,A13l-09,Pizzo Curciusa N,
415,df09d6e6-7a05-11ec-90d6-0242ac120003,NULL,A13l-10,Bocchetta de Curciusa,
416,81bb1f70-4ec8-11e8-b819-985fd331b2ee,NULL,A13l-04,Ghiacciaio de la Curciusa,
417,df09d84e-7a05-11ec-90d6-0242ac120003,NULL,A13l-11,Piz Bianch NE,
418,df09d966-7a05-11ec-90d6-0242ac120003,NULL,A13l-12,Pizzo Curciusa NE,
419,df09dbdc-7a05-11ec-90d6-0242ac120003,NULL,A13l-13,Piz Bianch,
420,df09dcfe-7a05-11ec-90d6-0242ac120003,NULL,A13l-14,Pizzo Curciusa NW,
421,81d9cb00-4ec8-11e8-a9f9-985fd331b2ee,146,A12i-03,Vadret d'Err,err
422,df09de16-7a05-11ec-90d6-0242ac120003,NULL,A13l-15,Piz Bianch SE,
423,bb1d9028-74a9-11ea-bc55-0242ac130003,NULL,A13l-07,Piz de la Lumbreida,
424,df09e4a6-7a05-11ec-90d6-0242ac120003,NULL,A13m-02,Alpe Moesola,
425,df09e5b4-7a05-11ec-90d6-0242ac120003,NULL,A13m-03,Piz Moesola,
426,df09f054-7a05-11ec-90d6-0242ac120003,NULL,A13n-08,Glatttobel,
427,e35059e6-7a05-11ec-90d6-0242ac120003,NULL,B51-36,Trifthorn NE,
428,e3505aea-7a05-11ec-90d6-0242ac120003,NULL,B51-37,Trifthorngrat,
429,e3505bda-7a05-11ec-90d6-0242ac120003,NULL,B51-38,Trifthorn E,
430,e3505eaa-7a05-11ec-90d6-0242ac120003,NULL,B51-39,Trifthorn N,
431,e3505fe0-7a05-11ec-90d6-0242ac120003,NULL,B51-40,Trifthorn S,
432,e3509d66-7a05-11ec-90d6-0242ac120003,NULL,B52-07,Plattenhorn,
433,e35067ba-7a05-11ec-90d6-0242ac120003,NULL,B52-18,Spähnhörner N,
434,81b3302e-4ec8-11e8-92f5-985fd331b2ee,NULL,A13n-01,Marscholhorn,
435,e350707a-7a05-11ec-90d6-0242ac120003,NULL,B52-23,Grüenberghorn,
436,e3507e4e-7a05-11ec-90d6-0242ac120003,NULL,B52-43,Pizzo d'Andolla N,
437,e3507f34-7a05-11ec-90d6-0242ac120003,NULL,B52-44,Pizzo d'Andolla S,
438,e3508024-7a05-11ec-90d6-0242ac120003,NULL,B52-45,Mittelrück,
439,e350810a-7a05-11ec-90d6-0242ac120003,NULL,B52-46,Sonnighorn,
440,81dc3c00-4ec8-11e8-b190-985fd331b2ee,NULL,A12g-06,Piz Ela,
441,e35082d6-7a05-11ec-90d6-0242ac120003,NULL,B52-47,Augstkumme Gletscher W,
442,e35083d0-7a05-11ec-90d6-0242ac120003,NULL,B52-49,Augstkummenhorn,
443,e350851a-7a05-11ec-90d6-0242ac120003,NULL,B52-50,Cimone di Camposecco,
444,e35087f4-7a05-11ec-90d6-0242ac120003,NULL,B52-51,Punta Banella,
445,e3508d08-7a05-11ec-90d6-0242ac120003,NULL,B52-52,Punta Loraccio,
446,e35091a4-7a05-11ec-90d6-0242ac120003,NULL,B52-55,Latelhorn,
447,80bd105e-4ec8-11e8-a940-985fd331b2ee,168,B46-25,Rappegletscher,rappe
448,df09e8ac-7a05-11ec-90d6-0242ac120003,NULL,A13n-11,Güferhorn SE,
449,df09e9ce-7a05-11ec-90d6-0242ac120003,NULL,A13n-12,Läntalücka E,
450,df09ed02-7a05-11ec-90d6-0242ac120003,NULL,A13n-14,Läntalücka W,
451,df09f270-7a05-11ec-90d6-0242ac120003,NULL,A14b-03,Alperschällihora,
452,df0996b8-7a05-11ec-90d6-0242ac120003,299,A13e-01,Piz Turba,turba
453,df090d10-7a05-11ec-90d6-0242ac120003,NULL,A10g-30,Fuorcla Zadrell W,
454,df090e8c-7a05-11ec-90d6-0242ac120003,NULL,A10g-31,Zadrellgletscher N,
455,df090fae-7a05-11ec-90d6-0242ac120003,NULL,A10g-32,Winterlücke N,
456,df0910da-7a05-11ec-90d6-0242ac120003,NULL,A10g-33,Winterlücke S,
457,df09f496-7a05-11ec-90d6-0242ac120003,NULL,A14b-06,Carnusabach,
458,df09f6b2-7a05-11ec-90d6-0242ac120003,NULL,A14b-07,Burschghorn,
459,81affbde-4ec8-11e8-a21c-985fd331b2ee,NULL,A13o-01,Höhberggletscher,
460,df09f7c0-7a05-11ec-90d6-0242ac120003,NULL,A14c-04,Rotgrätli E,
461,df0a022e-7a05-11ec-90d6-0242ac120003,NULL,A14d-02,Tierbänder,
462,81b293f0-4ec8-11e8-a7e7-985fd331b2ee,NULL,A14d-03,Lorenzhorn,
463,81af388f-4ec8-11e8-ba9a-985fd331b2ee,NULL,A14d-05,Schwarzhorn (Hinterrhein),
464,e350a644-7a05-11ec-90d6-0242ac120003,NULL,B52-74,Portjenhorn S,
465,e350a72a-7a05-11ec-90d6-0242ac120003,NULL,B52-75,Mittelrück W,
466,e350a86a-7a05-11ec-90d6-0242ac120003,NULL,B52-76,Augstkumme Gletscher SW,
467,e350a964-7a05-11ec-90d6-0242ac120003,NULL,B52-77,Spechhorn W,
468,e350aa4a-7a05-11ec-90d6-0242ac120003,NULL,B52-78,Pizzo Mondelli,
469,e350ab3a-7a05-11ec-90d6-0242ac120003,NULL,B52-79,Monte Moro E,
470,e350ac20-7a05-11ec-90d6-0242ac120003,NULL,B52-81,Üssere Turu N,
471,e350ad10-7a05-11ec-90d6-0242ac120003,NULL,B52-82,Spechhorn ,
472,e350ae50-7a05-11ec-90d6-0242ac120003,NULL,B52-83,Spähnhörner S,
473,e350af40-7a05-11ec-90d6-0242ac120003,NULL,B52-84,Spechhorn S,
474,e350b026-7a05-11ec-90d6-0242ac120003,NULL,B52-85,Spechhorn S,
475,e350b116-7a05-11ec-90d6-0242ac120003,NULL,B52-86,Monte Moropass N,
476,e350b1fc-7a05-11ec-90d6-0242ac120003,NULL,B52-87,Steintällisattel,
477,e350b2e2-7a05-11ec-90d6-0242ac120003,NULL,B52-89,Weissmies SW,
478,e350b526-7a05-11ec-90d6-0242ac120003,NULL,B53-01,Mittaghorn Klettersteig,
479,e350b79c-7a05-11ec-90d6-0242ac120003,NULL,B53-02,Egginer NW,
480,e350bfa8-7a05-11ec-90d6-0242ac120003,NULL,B53-09,Guglu,
481,e350d0b0-7a05-11ec-90d6-0242ac120003,NULL,B55-03,Hobärghorn S,
482,e350d3d0-7a05-11ec-90d6-0242ac120003,NULL,B55-06,Hohgwächte W,
483,e350c778-7a05-11ec-90d6-0242ac120003,NULL,B55-10,Leiterspitzen,
484,e350ca66-7a05-11ec-90d6-0242ac120003,NULL,B55-20,Pfulwe,
485,e350cb88-7a05-11ec-90d6-0242ac120003,NULL,B55-21,Spitzi Flue,
486,e350cc78-7a05-11ec-90d6-0242ac120003,NULL,B55-22,Fluehorn E,
487,e350cd9a-7a05-11ec-90d6-0242ac120003,NULL,B55-23,Fluehorn W,
488,e350ced0-7a05-11ec-90d6-0242ac120003,NULL,B55-26,Chli Dirruhorn N,
489,e350cfb6-7a05-11ec-90d6-0242ac120003,NULL,B55-27,Chli Dirruhorn W,
490,e350d290-7a05-11ec-90d6-0242ac120003,NULL,B55-32,Festi,
491,e350e190-7a05-11ec-90d6-0242ac120003,NULL,B56-02,Findelgeltscher N,
492,e350e366-7a05-11ec-90d6-0242ac120003,NULL,B56-05,Hohtälli,
493,e350f068-7a05-11ec-90d6-0242ac120003,NULL,B56-08,Jägerjoch,
494,e350f46e-7a05-11ec-90d6-0242ac120003,NULL,B56-09,Ob dem See,
495,81b18280-4ec8-11e8-a55d-985fd331b2ee,NULL,A14d-04,Lorenzhorngletscher,
496,81adb1ee-4ec8-11e8-83b1-985fd331b2ee,NULL,A14d-06,Canalgletscher E,
497,df09f9f0-7a05-11ec-90d6-0242ac120003,NULL,A14d-13,Furggeltihorn N,
498,81b57a21-4ec8-11e8-b09b-985fd331b2ee,NULL,A14c-03,Fanellgletscher,
499,bb1d9bf4-74a9-11ea-bc55-0242ac130003,NULL,A13n-03,Zapportgletscher E,
500,81ef00b0-4ec8-11e8-89d3-985fd331b2ee,NULL,A12f-01,Vadret da Tisch,
501,df09faf4-7a05-11ec-90d6-0242ac120003,NULL,A14d-16,Läntalücka NW,
502,e34f0406-7a05-11ec-90d6-0242ac120003,NULL,A55b-19,Rossbode,
503,823112c0-4ec8-11e8-a775-985fd331b2ee,NULL,A12j-02,Vadret d'Err NW,
504,81a59b9e-4ec8-11e8-af2a-985fd331b2ee,NULL,A14d-09,Güfergletscher SE,
505,81a4d84f-4ec8-11e8-855f-985fd331b2ee,NULL,A14d-10,Güfergletscher N,
506,e350f55e-7a05-11ec-90d6-0242ac120003,NULL,B57-01,Hörnlihütte,
507,e350fc7a-7a05-11ec-90d6-0242ac120003,NULL,B57-03,Matterhorngletscher N,
508,e350f748-7a05-11ec-90d6-0242ac120003,NULL,B57-13,Zähnjini,
509,e350fb8a-7a05-11ec-90d6-0242ac120003,NULL,B57-28,Furgghorn,
510,e3510896-7a05-11ec-90d6-0242ac120003,NULL,B58-09,Brunegghorn,
511,e351045e-7a05-11ec-90d6-0242ac120003,NULL,B58-18,Festihorn,
512,e35106ac-7a05-11ec-90d6-0242ac120003,NULL,B58-22,Steitalhorn E,
513,e3510ad0-7a05-11ec-90d6-0242ac120003,NULL,B59-01,Ginalspass,
514,e3510bc0-7a05-11ec-90d6-0242ac120003,NULL,B59-03,Rieberg W,
515,e3510ca6-7a05-11ec-90d6-0242ac120003,NULL,B59-04,Rieberg N,
516,e3510dd2-7a05-11ec-90d6-0242ac120003,NULL,B59-05,Niggelinglicke,
517,e3510ec2-7a05-11ec-90d6-0242ac120003,NULL,B59-07,Driizänduhoru,
518,e3510fb2-7a05-11ec-90d6-0242ac120003,NULL,B60-01,Ritzuegg,
519,e35111b0-7a05-11ec-90d6-0242ac120003,NULL,B60-11,Diablons des Dames N,
520,e35112b4-7a05-11ec-90d6-0242ac120003,NULL,B60-14,Frilihorn,
521,e3511494-7a05-11ec-90d6-0242ac120003,NULL,B60-18,Längi Egga,
522,df09167a-7a05-11ec-90d6-0242ac120003,NULL,A10g-36,Chlein Hafentälli,
523,df0911f2-7a05-11ec-90d6-0242ac120003,NULL,A10g-34,Jöriflesspass,
524,df091328-7a05-11ec-90d6-0242ac120003,NULL,A10g-35,Jörifless N,
525,df0917b0-7a05-11ec-90d6-0242ac120003,NULL,A10g-37,Roggenfurgga,
526,df0918be-7a05-11ec-90d6-0242ac120003,NULL,A10g-38,Roggengletscher W,
527,df091c06-7a05-11ec-90d6-0242ac120003,NULL,A10h-02,Pischasee SE,
528,df091d3c-7a05-11ec-90d6-0242ac120003,NULL,A10h-03,Verborgen Pischa,
529,df091e4a-7a05-11ec-90d6-0242ac120003,NULL,A10h-04,Pischasee E,
530,df09219c-7a05-11ec-90d6-0242ac120003,NULL,A12d-01,Wiss Rüfi,
531,df0927dc-7a05-11ec-90d6-0242ac120003,NULL,A12d-12,Leidhorn SE,
532,df092a66-7a05-11ec-90d6-0242ac120003,NULL,A12d-13,Leidhorn N,
533,df092b88-7a05-11ec-90d6-0242ac120003,NULL,A12d-14,Plattentälli,
534,80c3a00f-4ec8-11e8-b557-985fd331b2ee,NULL,A54g-26,Gestlerlicke,
535,df0b462a-7a05-11ec-90d6-0242ac120003,NULL,A54g-27,Gross Sidelhorn,
536,80bee521-4ec8-11e8-b43f-985fd331b2ee,NULL,A54g-28,Üerlicherjoch,
537,e35123a8-7a05-11ec-90d6-0242ac120003,NULL,B62-03,Wängerhorn,
538,e35125c4-7a05-11ec-90d6-0242ac120003,NULL,B62-05,Tête de Milon W,
539,e35126be-7a05-11ec-90d6-0242ac120003,NULL,B62-06,Crête de Milon,
540,e3511d9a-7a05-11ec-90d6-0242ac120003,NULL,B62-14,Crête de Milon N,
541,e35121a0-7a05-11ec-90d6-0242ac120003,NULL,B62-27,Pointe Nord de Moming,
542,e35122b8-7a05-11ec-90d6-0242ac120003,NULL,B62-29,Les Diablons NW,
543,e35124d4-7a05-11ec-90d6-0242ac120003,NULL,B62-30,Les Diablons W,
544,e351312c-7a05-11ec-90d6-0242ac120003,NULL,B63-04,Le Mammouth,
545,e3512ab0-7a05-11ec-90d6-0242ac120003,NULL,B63-11,Pigne de la Lé N,
546,e3512bdc-7a05-11ec-90d6-0242ac120003,NULL,B63-21,Pigne de la Lé E,
547,e3512d30-7a05-11ec-90d6-0242ac120003,NULL,B63-22,Pigne de la Lé S,
548,e3512f56-7a05-11ec-90d6-0242ac120003,NULL,B63-24,Bouquetins SW,
549,e3513258-7a05-11ec-90d6-0242ac120003,NULL,B64-01,Col du Gardien,
550,e351333e-7a05-11ec-90d6-0242ac120003,NULL,B64-04,Col de la Couronne,
551,81a2674f-4ec8-11e8-87b7-985fd331b2ee,NULL,A14d-14,Schwarzhorn (Vals),
552,81a3c6e1-4ec8-11e8-843c-985fd331b2ee,NULL,A14d-15,Güfergletscher SW,
553,e3513550-7a05-11ec-90d6-0242ac120003,NULL,B64-05,Sasseneire,
554,df09ffd6-7a05-11ec-90d6-0242ac120003,NULL,A14d-18,Länta,
555,81c24b5e-4ec8-11e8-aa36-985fd331b2ee,87,A13i-02,Surettagletscher,suretta
556,820f59f0-4ec8-11e8-858b-985fd331b2ee,NULL,A10g-11,Roggengletscher,
557,df0a0350-7a05-11ec-90d6-0242ac120003,NULL,A14d-20,Forneitobel,
558,81968070-4ec8-11e8-ae72-985fd331b2ee,NULL,A14d-22,Piz Cassimoi E,
559,8198f170-4ec8-11e8-a09c-985fd331b2ee,NULL,A14d-23,Pizzo Cassinello E,
560,81998dae-4ec8-11e8-b652-985fd331b2ee,NULL,A14d-24,Soredapass,
561,819aed40-4ec8-11e8-8409-985fd331b2ee,NULL,A14d-26,Blattaberg E,
562,df0a0454-7a05-11ec-90d6-0242ac120003,NULL,A14d-29,Rotgrätli NW,
563,e3513870-7a05-11ec-90d6-0242ac120003,NULL,B65-01,Becs de Bosson,
564,e3513a46-7a05-11ec-90d6-0242ac120003,NULL,B65-02,Pointe de la Tsevalire,
565,e35115d4-7a05-11ec-90d6-0242ac120003,NULL,B60-22,Furggwangjoch,
566,81aa0870-4ec8-11e8-94ac-985fd331b2ee,NULL,A14d-08,Canalgletscher W,
567,7f9c5e21-4ec8-11e8-b994-985fd331b2ee,NULL,B57-09,Pointe de Zinal S,
568,7fc569f0-4ec8-11e8-b9aa-985fd331b2ee,NULL,B58-20,Rinderalpji,
569,7fcf2df0-4ec8-11e8-948c-985fd331b2ee,NULL,B58-34,Steitalhorn,
570,7f9ef630-4ec8-11e8-857e-985fd331b2ee,NULL,B63-02,Besso W,
571,7f9ad780-4ec8-11e8-a753-985fd331b2ee,NULL,B63-16,Bouquetins E,
572,7f966ab0-4ec8-11e8-b587-985fd331b2ee,NULL,B63-18,Glacier de Moiry E,
573,e3513c62-7a05-11ec-90d6-0242ac120003,NULL,B72-14,Mont Miné SW,
574,e3513f64-7a05-11ec-90d6-0242ac120003,NULL,B72-20,Dent des Rosses,
575,e3514090-7a05-11ec-90d6-0242ac120003,NULL,B72-23,Glacier de Bricola SW,
576,e3514176-7a05-11ec-90d6-0242ac120003,NULL,B72-24,Glacier de Bricola SE,
577,e351425c-7a05-11ec-90d6-0242ac120003,NULL,B72-25,Dent Blanche S,
578,819b8980-4ec8-11e8-b635-985fd331b2ee,NULL,A14d-19,Grauhorngletscher,
579,e3514680-7a05-11ec-90d6-0242ac120003,NULL,B72-33,Col des Rosses E,
580,e3514766-7a05-11ec-90d6-0242ac120003,NULL,B72-34,Col des Rosses,
581,e3514856-7a05-11ec-90d6-0242ac120003,NULL,B72-35,Col des Rosses N,
582,e35149a0-7a05-11ec-90d6-0242ac120003,NULL,B72-36,Mont Miné W,
583,e3514a86-7a05-11ec-90d6-0242ac120003,NULL,B72-37,Pointe de Bricola W,
584,df0b483c-7a05-11ec-90d6-0242ac120003,NULL,A54g-29,Uelistock,
585,df0b4954-7a05-11ec-90d6-0242ac120003,NULL,A54g-30,Tellerelicke,
586,df0b4a62-7a05-11ec-90d6-0242ac120003,NULL,A54g-31,Trützipass,
587,80aff100-4ec8-11e8-b051-985fd331b2ee,NULL,A54g-32,Talschien,
588,df0b6b6e-7a05-11ec-90d6-0242ac120003,NULL,A54i-09,Chipfestock,
589,822d1b1e-4ec8-11e8-bf94-985fd331b2ee,NULL,A54i-12,Steinlowihorn N,
590,80b6328f-4ec8-11e8-b5c0-985fd331b2ee,NULL,A54i-15,Golegg,
591,df0b695c-7a05-11ec-90d6-0242ac120003,NULL,A54i-16,Golegghoren,
592,df0bc352-7a05-11ec-90d6-0242ac120003,NULL,A55a-01,Hundshore,
593,80a03991-4ec8-11e8-a0d8-985fd331b2ee,NULL,A54i-20,Hangendgletscherhorn S,
594,80a4312e-4ec8-11e8-bf50-985fd331b2ee,NULL,A54i-21,Hangendgletscherhorn W,
595,80a0aec0-4ec8-11e8-ad6a-985fd331b2ee,NULL,A54i-26,Augstgumm NW,
596,8097d521-4ec8-11e8-bf02-985fd331b2ee,NULL,A54j-06,Tossenpletschern,
597,df0b6d3a-7a05-11ec-90d6-0242ac120003,NULL,A54j-10,Schlafhubel,
598,df0b6e52-7a05-11ec-90d6-0242ac120003,NULL,A54j-11,Schrybershiri,
599,df0b7078-7a05-11ec-90d6-0242ac120003,NULL,A54k-02,Schwarzenberg,
600,81b775f0-4ec8-11e8-b458-985fd331b2ee,297,A13o-03,Chilchalpgletscher,chilchalp
601,df0b7212-7a05-11ec-90d6-0242ac120003,NULL,A54k-03,Ochsentellti,
602,df0b7320-7a05-11ec-90d6-0242ac120003,NULL,A54k-04,Wildgärst,
603,df0b74c4-7a05-11ec-90d6-0242ac120003,NULL,A54k-06,Faulhorn,
604,e649e2a2-7a05-11ec-90d6-0242ac120003,NULL,B72-38,Pointe de Bricola N,
605,e649f274-7a05-11ec-90d6-0242ac120003,NULL,B73-03,Dent du Perroc,
606,e649e96e-7a05-11ec-90d6-0242ac120003,NULL,B73-17,Pointes de Tsenâ Réfien N,
607,e649ec84-7a05-11ec-90d6-0242ac120003,NULL,B73-19,Glacier de la Roussettes E,
608,e649ee8c-7a05-11ec-90d6-0242ac120003,NULL,B73-25,Mont de l'Etoile E,
609,e649ef90-7a05-11ec-90d6-0242ac120003,NULL,B73-28,Crête du Plan,
610,e649f38c-7a05-11ec-90d6-0242ac120003,NULL,B73-39,Col des Ignes,
611,e649f490-7a05-11ec-90d6-0242ac120003,NULL,B73-40,Mont de l'Etoile S,
612,e64a0390-7a05-11ec-90d6-0242ac120003,NULL,B74-03,Glacier des Darbonires NW,
613,e64a06b0-7a05-11ec-90d6-0242ac120003,NULL,B74-06,Col de Tsenâ Réfien,
614,e649f7a6-7a05-11ec-90d6-0242ac120003,NULL,B74-16,Lui des Chamois,
615,e649f8a0-7a05-11ec-90d6-0242ac120003,NULL,B74-19,Le Métailler SE,
616,e649f99a-7a05-11ec-90d6-0242ac120003,NULL,B74-21,Le Cornets de Métail,
617,e649fd5a-7a05-11ec-90d6-0242ac120003,NULL,B74-26,Pointe d'Allèves,
618,e649ff62-7a05-11ec-90d6-0242ac120003,NULL,B74-27,Pointes des Autans,
619,e64a017e-7a05-11ec-90d6-0242ac120003,NULL,B74-28,Le Métailler N,
620,e64a0278-7a05-11ec-90d6-0242ac120003,NULL,B74-29,Rochers des Ecoulaies,
621,e64a07aa-7a05-11ec-90d6-0242ac120003,NULL,B75-01,Les Louèrettes,
622,e64a134e-7a05-11ec-90d6-0242ac120003,NULL,B75-03,Le Métailler W,
623,e64a1646-7a05-11ec-90d6-0242ac120003,NULL,B75-08,Glacier du Mont Fort E,
624,e64a08ae-7a05-11ec-90d6-0242ac120003,NULL,B75-10,Glacier des Etagnes,
625,e64a0b10-7a05-11ec-90d6-0242ac120003,NULL,B75-11,Bec des Etagnes,
626,e64a0db8-7a05-11ec-90d6-0242ac120003,NULL,B75-14,Glacier des Louettes Econdouè W,
627,8197b8f0-4ec8-11e8-a586-985fd331b2ee,NULL,A14d-21,Cima di Fornee,
628,df0a0562-7a05-11ec-90d6-0242ac120003,NULL,A14d-29,Rotgrätli SW,
629,df0a0670-7a05-11ec-90d6-0242ac120003,NULL,A14d-30,Tierbänder N,
630,df0a0896-7a05-11ec-90d6-0242ac120003,NULL,A14d-31,Fanellücke,
631,df0a09a4-7a05-11ec-90d6-0242ac120003,NULL,A14d-32,Tierbänder S,
632,df0a0aa8-7a05-11ec-90d6-0242ac120003,NULL,A14d-33,Schwarzhorn (Vals) N,
633,df0a0ce2-7a05-11ec-90d6-0242ac120003,NULL,A14d-34,Schwarzhorn (Vals) NW,
634,df0a0e7c-7a05-11ec-90d6-0242ac120003,NULL,A14d-35,Schwarzhorn (Vals) NE,
635,df0a0f94-7a05-11ec-90d6-0242ac120003,NULL,A14d-36,Under Güferlücke S,
636,df0a10e8-7a05-11ec-90d6-0242ac120003,NULL,A14d-37,Under Güferlücke N,
637,df0a11f6-7a05-11ec-90d6-0242ac120003,NULL,A14d-38,Furggeltihorn W,
638,df0a13fe-7a05-11ec-90d6-0242ac120003,NULL,A14d-39,Pizzo Cassinello N,
639,df0a1516-7a05-11ec-90d6-0242ac120003,NULL,A14d-40,Pizzo Cassinello NE,
640,819f5a0f-4ec8-11e8-b5c6-985fd331b2ee,NULL,A14e-05,Fuorcla dil Terri,
641,df0b8f86-7a05-11ec-90d6-0242ac120003,NULL,A54l-05,Wurmer,
642,df0b97ce-7a05-11ec-90d6-0242ac120003,NULL,A54l-07,Lenge Jan,
643,df0b76f4-7a05-11ec-90d6-0242ac120003,NULL,A54l-13,Strahlegg,
644,81ff2d4f-4ec8-11e8-ae68-985fd331b2ee,306,A10g-21,Hafentälli,hafentaelli
645,df0b7898-7a05-11ec-90d6-0242ac120003,NULL,A54l-18,Ostegg,
646,df0b7c62-7a05-11ec-90d6-0242ac120003,NULL,A54l-21,Wätterlowiwang,
647,df0b7d7a-7a05-11ec-90d6-0242ac120003,NULL,A54l-26,Gwächtejoch,
648,df0b7e7e-7a05-11ec-90d6-0242ac120003,NULL,A54l-27,Schrecksattel,
649,8061f811-4ec8-11e8-889b-985fd331b2ee,NULL,A54l-39,Wildschloss,
650,823ad6c0-4ec8-11e8-8edc-985fd331b2ee,NULL,A54l-41,Hörnli,
651,df0b85b8-7a05-11ec-90d6-0242ac120003,NULL,A54l-42,Rots Brätt,
652,df0b87c0-7a05-11ec-90d6-0242ac120003,NULL,A54l-44,Mittellegi E,
653,df0b8a0e-7a05-11ec-90d6-0242ac120003,NULL,A54l-45,Mittellegi W,
654,df0b8b26-7a05-11ec-90d6-0242ac120003,NULL,A54l-46,Grosse Turm,
655,df0b8c34-7a05-11ec-90d6-0242ac120003,NULL,A54l-47,Eiger-Nordwand,
656,df0a288a-7a05-11ec-90d6-0242ac120003,NULL,A14g-23,Scopi W,
657,e64a0ef8-7a05-11ec-90d6-0242ac120003,NULL,B75-17,Le Ferret,
658,e64a1c9a-7a05-11ec-90d6-0242ac120003,NULL,B82-03,Becca d'Agè,
659,e64a22c6-7a05-11ec-90d6-0242ac120003,NULL,B82-04,Col de Momin,
660,7f7722e1-4ec8-11e8-82ea-985fd331b2ee,NULL,B73-09,Dents de Bertol W,
661,7f665a00-4ec8-11e8-85ab-985fd331b2ee,NULL,B74-07,Pointes de Tsenâ Réfien ,
662,7f5988c0-4ec8-11e8-8026-985fd331b2ee,NULL,B74-12,Le Pleurer E,
663,7f4b09cf-4ec8-11e8-95ec-985fd331b2ee,NULL,B75-02,Le Perron,
664,7f358600-4ec8-11e8-af59-985fd331b2ee,NULL,B75-13,Glacier des Louettes Econdouè,
665,7f3efbe1-4ec8-11e8-bb20-985fd331b2ee,NULL,B75-16,Mont Fort,
666,7f375ac0-4ec8-11e8-b751-985fd331b2ee,NULL,B82-01,Glacier de Tortin W,
667,e64a1754-7a05-11ec-90d6-0242ac120003,NULL,B82-15,Col du Mont Rouge,
668,e64a184e-7a05-11ec-90d6-0242ac120003,NULL,B82-22,Col Sud des Portons,
669,e64a20b4-7a05-11ec-90d6-0242ac120003,NULL,B82-37,Mont Durand N,
670,e64a2c44-7a05-11ec-90d6-0242ac120003,NULL,B82-55,Bay des Pierres,
671,e64a2ece-7a05-11ec-90d6-0242ac120003,NULL,B82-56,Col des Otanes N ,
672,e64a32f2-7a05-11ec-90d6-0242ac120003,NULL,B82-58,Pointe Sud du Brenay E,
673,e64a3414-7a05-11ec-90d6-0242ac120003,NULL,B82-59,Col de la Luette,
674,e64a361c-7a05-11ec-90d6-0242ac120003,NULL,B82-60,Le Pleureur SE,
675,e64a372a-7a05-11ec-90d6-0242ac120003,NULL,B82-61,Grand Tavé N,
676,e64a382e-7a05-11ec-90d6-0242ac120003,NULL,B82-62,Tavé des Chasseurs,
677,e64a393c-7a05-11ec-90d6-0242ac120003,NULL,B82-63,Tavé des Chasseurs E,
678,e64a3a54-7a05-11ec-90d6-0242ac120003,NULL,B82-65,Col du Chardoney,
679,e64a3cde-7a05-11ec-90d6-0242ac120003,NULL,B82-66,Mont Avril E,
680,e64a3df6-7a05-11ec-90d6-0242ac120003,NULL,B82-68,Tour de Boussine W,
681,e64aa02a-7a05-11ec-90d6-0242ac120003,NULL,B93-01,Le Luisin,
682,e64a3f0e-7a05-11ec-90d6-0242ac120003,NULL,B82-70,Combin de la Tsessette NW,
683,e64a401c-7a05-11ec-90d6-0242ac120003,NULL,B82-71,Combin de la Tsessette NE,
684,e64a4116-7a05-11ec-90d6-0242ac120003,NULL,B82-72,Combin de la Tsessette N,
685,e64a5bba-7a05-11ec-90d6-0242ac120003,NULL,B83-05,Combin de Corbassière N,
686,e64a5da4-7a05-11ec-90d6-0242ac120003,NULL,B83-07,Les Avouillons,
687,e64a4b3e-7a05-11ec-90d6-0242ac120003,NULL,B83-11,Col de Lâne,
688,e64a4d3c-7a05-11ec-90d6-0242ac120003,NULL,B83-12,Oujets de Bagnes E ,
689,e64a5174-7a05-11ec-90d6-0242ac120003,NULL,B83-13,Glacier d'Aget,
690,e64a5278-7a05-11ec-90d6-0242ac120003,NULL,B83-14,Mont Rogneux,
691,e64a5782-7a05-11ec-90d6-0242ac120003,NULL,B83-19,Grand Laget E,
692,df0a1f0c-7a05-11ec-90d6-0242ac120003,NULL,A14e-07,Piz Alpettas,
693,df0a2024-7a05-11ec-90d6-0242ac120003,NULL,A14e-08,Fuorcla Blengias,
694,df0a2132-7a05-11ec-90d6-0242ac120003,NULL,A14e-09,Piz Val Nova,
695,df0a1b9c-7a05-11ec-90d6-0242ac120003,NULL,A14e-11,Fuorcla dil Terri E,
696,df0a1ca0-7a05-11ec-90d6-0242ac120003,NULL,A14e-12,Fuorcla dil  Terri W,
697,818a4b70-4ec8-11e8-af6d-985fd331b2ee,NULL,A14f-04,Pizzo Coroi,
698,81876540-4ec8-11e8-8be3-985fd331b2ee,NULL,A14f-05,Piz Valdraus,
699,81b441a1-4ec8-11e8-ba7a-985fd331b2ee,NULL,A14d-01,Guraletsch,
700,e64a5e9e-7a05-11ec-90d6-0242ac120003,NULL,B84-01,Pointe du Parc,
701,e64a724e-7a05-11ec-90d6-0242ac120003,NULL,B84-03,Aiguilles de Boveire,
702,df0b8e6e-7a05-11ec-90d6-0242ac120003,NULL,A54l-48,Wandflie,
703,df0b908a-7a05-11ec-90d6-0242ac120003,NULL,A54l-51,Eigerwand,
704,df0b9198-7a05-11ec-90d6-0242ac120003,NULL,A54l-52,Fiescherwand W,
705,df0b929c-7a05-11ec-90d6-0242ac120003,NULL,A54l-53,Fiescherwand E,
706,df0b96ca-7a05-11ec-90d6-0242ac120003,NULL,A54l-56,Gaagg,
707,df0b98dc-7a05-11ec-90d6-0242ac120003,NULL,A54m-01,Eiger,
708,df0b9ba2-7a05-11ec-90d6-0242ac120003,NULL,A54m-20,Chanzel,
709,df0932d6-7a05-11ec-90d6-0242ac120003,NULL,A12d-18,Flüela Wisshorn S,
710,df094e60-7a05-11ec-90d6-0242ac120003,NULL,A12d-06,Chummertällifurgga,
711,df094f96-7a05-11ec-90d6-0242ac120003,NULL,A12d-07,Chüealp Furgga,
712,df0950ae-7a05-11ec-90d6-0242ac120003,NULL,A12d-09,Hoch Ducan,
713,df092ca0-7a05-11ec-90d6-0242ac120003,NULL,A12d-15,Bocktentälli,
714,df092dc2-7a05-11ec-90d6-0242ac120003,NULL,A12d-16,Steinig Tälli,
715,df093a06-7a05-11ec-90d6-0242ac120003,NULL,A12d-22,Bockte S,
716,df093182-7a05-11ec-90d6-0242ac120003,NULL,A12d-17,Chlein Ducan,
717,df0935ce-7a05-11ec-90d6-0242ac120003,NULL,A12d-20,Bocktenhorn SE,
718,df093768-7a05-11ec-90d6-0242ac120003,NULL,A12d-21,Bocktenhorn SW,
719,df093b78-7a05-11ec-90d6-0242ac120003,NULL,A12d-23,Bockte,
720,df093fa6-7a05-11ec-90d6-0242ac120003,NULL,A12d-24,Leidhorn SW,
721,e35120b0-7a05-11ec-90d6-0242ac120003,203,B62-02,Tounot,tounot
722,e64a7b4a-7a05-11ec-90d6-0242ac120003,NULL,B84-05,Le Ritord,
723,e64a7c4e-7a05-11ec-90d6-0242ac120003,NULL,B84-06,La Pointe de Challand,
724,e64a7d3e-7a05-11ec-90d6-0242ac120003,NULL,B84-07,Le Glacier de Challand,
725,df094b72-7a05-11ec-90d6-0242ac120003,NULL,A12d-31,Chüealpgletscher,
726,819c25c0-4ec8-11e8-bbdf-985fd331b2ee,NULL,A14f-03,Glatscher dil Terri,
727,e64a5fa2-7a05-11ec-90d6-0242ac120003,NULL,B84-10,Combin de Grafeneire,
728,e64a6402-7a05-11ec-90d6-0242ac120003,NULL,B84-14,Le Râteau,
729,e64a64fc-7a05-11ec-90d6-0242ac120003,NULL,B84-16,Mont de la Gouille,
730,e64a7348-7a05-11ec-90d6-0242ac120003,NULL,B84-30,Col du Meitin,
731,e64a7442-7a05-11ec-90d6-0242ac120003,NULL,B84-31,Testa Grisa E,
732,e64a783e-7a05-11ec-90d6-0242ac120003,NULL,B84-33,Pointe de Crête Sèche,
733,e64a794c-7a05-11ec-90d6-0242ac120003,NULL,B84-34,Col de Moline,
734,e64a7a5a-7a05-11ec-90d6-0242ac120003,NULL,B84-35,Le Mont Mort E,
735,e64a86ee-7a05-11ec-90d6-0242ac120003,NULL,B85-03,Taves du Dolent,
736,e64a8d92-7a05-11ec-90d6-0242ac120003,NULL,B85-05,Dolen N,
737,e64a8022-7a05-11ec-90d6-0242ac120003,NULL,B85-12,Pointe des Six Niès,
738,e64a8126-7a05-11ec-90d6-0242ac120003,NULL,B85-19,Pointe des Plines,
739,81a12ed1-4ec8-11e8-a5c4-985fd331b2ee,NULL,A14e-06,Piz Scharboda,
740,7f43419e-4ec8-11e8-ba70-985fd331b2ee,NULL,B82-05,La Rionde,
741,7f48bfde-4ec8-11e8-93a0-985fd331b2ee,NULL,B82-06,Rosablanche,
742,e64a8306-7a05-11ec-90d6-0242ac120003,NULL,B85-24,Cabane du Trient,
743,e64a840a-7a05-11ec-90d6-0242ac120003,NULL,B85-25,Col d'Arpette S,
744,e64a8504-7a05-11ec-90d6-0242ac120003,NULL,B85-28,Petite Pointe des Planereuses,
745,e64a8a90-7a05-11ec-90d6-0242ac120003,NULL,B85-31,La Maye,
746,e64a8f7c-7a05-11ec-90d6-0242ac120003,NULL,B86-02,Liapeys de Grône,
747,e64a92e2-7a05-11ec-90d6-0242ac120003,NULL,B86-04,Col d'Arpette N,
748,e64a9c38-7a05-11ec-90d6-0242ac120003,NULL,B92-02,Pointe de la Fenive,
749,e64a95ee-7a05-11ec-90d6-0242ac120003,NULL,B92-14,Pointe de l'Ifala,
750,e64a96e8-7a05-11ec-90d6-0242ac120003,NULL,B92-15,Vers l'Homme,
751,e64a97d8-7a05-11ec-90d6-0242ac120003,NULL,B92-17,Tour Salière S,
752,e64a98dc-7a05-11ec-90d6-0242ac120003,NULL,B92-18,L'Epaule,
753,e64a99cc-7a05-11ec-90d6-0242ac120003,NULL,B92-19,Col de Barberine,
754,819dfa80-4ec8-11e8-afaa-985fd331b2ee,84,A14d-17,Läntagletscher,lenta
755,e64a9d3c-7a05-11ec-90d6-0242ac120003,NULL,B92-20,Fontanabran S,
756,e64a9e36-7a05-11ec-90d6-0242ac120003,NULL,B92-21,Lac de Blantsin,
757,e64a9f30-7a05-11ec-90d6-0242ac120003,NULL,B92-22,Col du Ruan N,
758,e64aa52a-7a05-11ec-90d6-0242ac120003,NULL,B95-04,Pente des Lacs,
759,e64aa232-7a05-11ec-90d6-0242ac120003,NULL,B95-25,Glacier des Ottans N,
760,df094438-7a05-11ec-90d6-0242ac120003,NULL,A12d-26,Chüealptal-Sertig NW,
761,df0945c8-7a05-11ec-90d6-0242ac120003,NULL,A12d-27,Chüealptal-Sertig NE,
762,df094758-7a05-11ec-90d6-0242ac120003,NULL,A12d-28,Sertigpass,
763,df094906-7a05-11ec-90d6-0242ac120003,NULL,A12d-29,Augstenhüreli,
764,bb1e11e2-74a9-11ea-bc55-0242ac130003,207,B73-20,Glacier des Ignes,rousettes
765,df094a50-7a05-11ec-90d6-0242ac120003,NULL,A12d-30,Ducangletscher E,
766,df0951e4-7a05-11ec-90d6-0242ac120003,NULL,A12e-01,Ducan Dador,
767,df0954b4-7a05-11ec-90d6-0242ac120003,NULL,A12e-11,Piz Murtelet,
768,df095626-7a05-11ec-90d6-0242ac120003,NULL,A12e-12,Plattaflue,
769,df0b9ca6-7a05-11ec-90d6-0242ac120003,NULL,A54m-23,Chlys Schiltoren,
770,803b844f-4ec8-11e8-9462-985fd331b2ee,NULL,A54m-28,Schneehoren,
771,df0a1a66-7a05-11ec-90d6-0242ac120003,293,A14e-01,Piz Aul,ault
772,7f634cc0-4ec8-11e8-b565-985fd331b2ee,206,B73-21,Glacier des Ignes N,ignes
773,e64abf42-7a05-11ec-90d6-0242ac120003,NULL,C00-03,Tschawinerhorn,
774,e64ac2c6-7a05-11ec-90d6-0242ac120003,NULL,C00-05,Passo Alto,
775,e64aa728-7a05-11ec-90d6-0242ac120003,NULL,C00-10,Weissmiessattel E,
776,e64aa822-7a05-11ec-90d6-0242ac120003,NULL,C00-12,Tällihorn E,
777,e64aa926-7a05-11ec-90d6-0242ac120003,NULL,C00-13,Passo della Pezza,
778,e64aab1a-7a05-11ec-90d6-0242ac120003,NULL,C00-14,Zwischbergenpass E,
779,81851b51-4ec8-11e8-abcb-985fd331b2ee,NULL,A14f-13,Piz Valdraus,
780,e64aba60-7a05-11ec-90d6-0242ac120003,NULL,C00-22,Weissmiessattel W,
781,e64abc54-7a05-11ec-90d6-0242ac120003,NULL,C00-23,Zwischbergenpass N,
782,e64abd58-7a05-11ec-90d6-0242ac120003,NULL,C00-24,Tällihorn S,
783,817d7a2e-4ec8-11e8-a628-985fd331b2ee,NULL,A14f-16,Lavaz,
784,e64abe48-7a05-11ec-90d6-0242ac120003,NULL,C00-25,Tällijoch,
785,bb1deb04-74a9-11ea-bc55-0242ac130003,NULL,A14f-14,Glatscher da Lavaz E,
786,e64ad4b4-7a05-11ec-90d6-0242ac120003,NULL,C01-08,Lagginjoch,
787,e64acd20-7a05-11ec-90d6-0242ac120003,NULL,C01-11,Balmahorn,
788,e64ad18a-7a05-11ec-90d6-0242ac120003,NULL,C01-14,Muttetosse E,
789,e64ad298-7a05-11ec-90d6-0242ac120003,NULL,C01-15,Holutrift,
790,e64ad39c-7a05-11ec-90d6-0242ac120003,NULL,C01-16,Hosaas,
791,e64ad87e-7a05-11ec-90d6-0242ac120003,NULL,C02-01,Bodmergletscher E,
792,e64ae170-7a05-11ec-90d6-0242ac120003,NULL,C02-09,Bodmerhorn,
793,e64ad982-7a05-11ec-90d6-0242ac120003,NULL,C02-10,Senggibach,
794,e64ada90-7a05-11ec-90d6-0242ac120003,NULL,C02-11,Gamserchopf,
795,e64adb9e-7a05-11ec-90d6-0242ac120003,NULL,C02-12,Breitloibgrat N,
796,e64adcb6-7a05-11ec-90d6-0242ac120003,NULL,C02-13,Breitloibgrat S,
797,7ef5bde1-4ec8-11e8-b64c-985fd331b2ee,NULL,B92-01,Pointe De la Terasse,
798,7ef43740-4ec8-11e8-8f5b-985fd331b2ee,NULL,B92-04,Tenneverge,
799,7efb3c21-4ec8-11e8-aa90-985fd331b2ee,NULL,B95-17,Grand Ruan W,
800,7ef4fa8f-4ec8-11e8-8269-985fd331b2ee,NULL,B95-18,Petit Ruan W,
801,7ef1781e-4ec8-11e8-a6c7-985fd331b2ee,NULL,B95-22,Sex Vernays E,
802,7ef12a00-4ec8-11e8-964b-985fd331b2ee,NULL,B95-23,Sex Vernays W,
803,7eef0721-4ec8-11e8-afab-985fd331b2ee,NULL,B95-24,Lanche des Aux,
804,e64ae288-7a05-11ec-90d6-0242ac120003,NULL,C03-02,Wyssbodehorn,
805,e64ae526-7a05-11ec-90d6-0242ac120003,NULL,C03-03,Wysse Bode,
806,e64ae6b6-7a05-11ec-90d6-0242ac120003,NULL,C03-06,Schilthorn,
807,e64ae7ce-7a05-11ec-90d6-0242ac120003,NULL,C03-07,Sirwoltuhorn,
808,e64ae9e0-7a05-11ec-90d6-0242ac120003,NULL,C04-01,Homattupass E,
809,e64aeaee-7a05-11ec-90d6-0242ac120003,NULL,C04-03,Alpjepass,
810,e64aedc8-7a05-11ec-90d6-0242ac120003,NULL,C04-04,Schwarze Tschugge,
811,e64aeed6-7a05-11ec-90d6-0242ac120003,NULL,C05-01,Plaggische Bode,
812,e64aefda-7a05-11ec-90d6-0242ac120003,NULL,C05-03,Schwarzi Balma,
813,e64afa02-7a05-11ec-90d6-0242ac120003,NULL,C14-06,Ganne d'Antabia,
814,e64afb60-7a05-11ec-90d6-0242ac120003,NULL,C14-07,Piodisc,
815,e64af0e8-7a05-11ec-90d6-0242ac120003,NULL,C14-14,Cresta dell'Arzo,
816,e64af43a-7a05-11ec-90d6-0242ac120003,NULL,C14-20,Cristallina,
817,e64af55c-7a05-11ec-90d6-0242ac120003,NULL,C14-21,Basòdino,
818,e64af67e-7a05-11ec-90d6-0242ac120003,NULL,C14-22,Kastellücke,
819,e64afd86-7a05-11ec-90d6-0242ac120003,NULL,C15-03,Cavallo del Toro,
820,802e3dde-4ec8-11e8-9549-985fd331b2ee,NULL,A54m-32,Trimmleten,
821,80287180-4ec8-11e8-ba8e-985fd331b2ee,NULL,A54m-42,Äbni Flue-Joch W,
822,df0ba58e-7a05-11ec-90d6-0242ac120003,NULL,A54m-49,Wätterhoren,
823,7ff52c80-4ec8-11e8-be8b-985fd331b2ee,NULL,A54m-50,Tschingelhorn N,
824,7fed1630-4ec8-11e8-a2a0-985fd331b2ee,NULL,A54m-54,Tschingelspitz N,
825,df0baac0-7a05-11ec-90d6-0242ac120003,NULL,A54m-58,Jegihoren,
826,823ea74f-4ec8-11e8-beb1-985fd331b2ee,NULL,A54m-61,Breithorn N,
827,df0bb088-7a05-11ec-90d6-0242ac120003,NULL,A54m-62,Sefinahoren,
828,df0bb1dc-7a05-11ec-90d6-0242ac120003,NULL,A54m-63,Piz Gloria,
829,e64afe94-7a05-11ec-90d6-0242ac120003,NULL,C16-02,Sasso del Corbo,
830,e64b077c-7a05-11ec-90d6-0242ac120003,NULL,C32-04,Pizzo Varozzeira,
831,e64b088a-7a05-11ec-90d6-0242ac120003,NULL,C32-06,Pizzo Massari,
832,e64b0a9c-7a05-11ec-90d6-0242ac120003,NULL,C32-08,Poncione Sambuco,
833,e64affac-7a05-11ec-90d6-0242ac120003,NULL,C32-10,Mottascia,
834,817033c0-4ec8-11e8-abc5-985fd331b2ee,NULL,A14g-08,Glatscher da Bianca,
835,8154e391-4ec8-11e8-9c4c-985fd331b2ee,NULL,A14g-11,Piz Rondadura N,
836,e64b00b0-7a05-11ec-90d6-0242ac120003,NULL,C32-12,Passo di Ghiacciaione,
837,e64b043e-7a05-11ec-90d6-0242ac120003,NULL,C32-13,Poncione del Laghetto W,
838,e64b0560-7a05-11ec-90d6-0242ac120003,NULL,C32-14,Poncione del Laghetto E,
839,e64b066e-7a05-11ec-90d6-0242ac120003,NULL,C32-15,Pizzo Lei di Cima,
840,e64b147e-7a05-11ec-90d6-0242ac120003,NULL,C33-05,Passo di Cristallina,
841,df0a2574-7a05-11ec-90d6-0242ac120003,NULL,A14g-21,Scopi E,
842,81599e80-4ec8-11e8-ace3-985fd331b2ee,NULL,A14g-12,Glatscher dil Lai Blau,
843,df0a2772-7a05-11ec-90d6-0242ac120003,NULL,A14g-22,Piz Miez (Medel) E,
844,e64b1924-7a05-11ec-90d6-0242ac120003,NULL,C33-06,Pizzo Gararesc,
845,e64b0bb4-7a05-11ec-90d6-0242ac120003,NULL,C33-10,Bocchetta Cavagnolo,
846,e64b0df8-7a05-11ec-90d6-0242ac120003,NULL,C33-11,Pizzo San Giacomo,
847,e64b2e1e-7a05-11ec-90d6-0242ac120003,NULL,C43-21,Piz Jut,
848,e64b30ee-7a05-11ec-90d6-0242ac120003,NULL,C43-25,Passo Soreda,
849,e64b3274-7a05-11ec-90d6-0242ac120003,NULL,C43-26,Punta di Val Scaradra,
850,e64b3404-7a05-11ec-90d6-0242ac120003,NULL,C43-27,Cassimoi Sattel,
851,e64b358a-7a05-11ec-90d6-0242ac120003,NULL,C43-28,Fornee,
852,e64b3698-7a05-11ec-90d6-0242ac120003,NULL,C43-29,Casletto,
853,e64b3788-7a05-11ec-90d6-0242ac120003,NULL,C43-41,Pizzo Cassinello NW,
854,e64b3bfc-7a05-11ec-90d6-0242ac120003,NULL,C44-01,Vadrecc di Brasciana W,
855,e64b1596-7a05-11ec-90d6-0242ac120003,NULL,C33-07,Pizzo Folcra,
856,816166ae-4ec8-11e8-b108-985fd331b2ee,NULL,A14g-14,Piz Gannaretsch,
857,e64b3de6-7a05-11ec-90d6-0242ac120003,NULL,C44-04,Cima della Negra W,
858,e64b3ee0-7a05-11ec-90d6-0242ac120003,NULL,C44-05,Giairon,
859,e64b4214-7a05-11ec-90d6-0242ac120003,NULL,C44-07,Cima della Negra E,
860,e64b4606-7a05-11ec-90d6-0242ac120003,NULL,C45-02,Passo dei Cadabi,
861,e64b46f6-7a05-11ec-90d6-0242ac120003,NULL,C45-06,Cima dei Cogn,
862,e64b499e-7a05-11ec-90d6-0242ac120003,NULL,C45-07,Piz Remolasch,
863,e64b4a8e-7a05-11ec-90d6-0242ac120003,NULL,C45-08,Puntone dei Fraciòn,
864,e64b4b88-7a05-11ec-90d6-0242ac120003,NULL,C45-09,Cima Rossa,
865,e64b4304-7a05-11ec-90d6-0242ac120003,NULL,C45-10,Vèrt,
866,e64b4408-7a05-11ec-90d6-0242ac120003,NULL,C45-11,Piz di Strega,
867,e64b450c-7a05-11ec-90d6-0242ac120003,NULL,C45-12,Cavallo,
868,e64b4c78-7a05-11ec-90d6-0242ac120003,NULL,C46-01,Motton,
869,e64b4d72-7a05-11ec-90d6-0242ac120003,NULL,C46-04,Ganna del Torent,
870,e64b4e62-7a05-11ec-90d6-0242ac120003,NULL,C51-01,Puntone della Parete,
871,e64b4f52-7a05-11ec-90d6-0242ac120003,NULL,C51-03,Zapportgrat,
872,e64b5042-7a05-11ec-90d6-0242ac120003,NULL,C51-06,Piz Deserto,
873,e64b53a8-7a05-11ec-90d6-0242ac120003,NULL,C51-07,Cima de Gagela,
874,e64b54ac-7a05-11ec-90d6-0242ac120003,NULL,C51-08,Piz Piotta,
875,e64b6e06-7a05-11ec-90d6-0242ac120003,NULL,C84-10,Vadrec dal Cantun S,
876,e64b7090-7a05-11ec-90d6-0242ac120003,NULL,C84-19,Al Gal,
877,e64b74aa-7a05-11ec-90d6-0242ac120003,NULL,C84-23,Piz Balzet SE,
878,e64b75ae-7a05-11ec-90d6-0242ac120003,NULL,C84-24,Piz Balzet NE,
879,df0bb2e0-7a05-11ec-90d6-0242ac120003,NULL,A54m-64,Mönch,
880,df0bb484-7a05-11ec-90d6-0242ac120003,NULL,A54m-65,Mönch-Westwand,
881,df0bb5b0-7a05-11ec-90d6-0242ac120003,NULL,A54m-66,Guggeni,
882,df0bb790-7a05-11ec-90d6-0242ac120003,NULL,A54m-68,Rottal-Couloir,
883,df0bb8b2-7a05-11ec-90d6-0242ac120003,NULL,A54m-69,Zuckerstock,
884,df0bb9d4-7a05-11ec-90d6-0242ac120003,NULL,A54m-70,Schmadrijoch,
885,df0bbaf6-7a05-11ec-90d6-0242ac120003,NULL,A54m-71,Wärmietenhoren,
886,df0bbcea-7a05-11ec-90d6-0242ac120003,NULL,A54m-72,Breithorn Nordwand N,
887,df0bbe52-7a05-11ec-90d6-0242ac120003,NULL,A54m-73,Wätterlicka,
888,df0bbf6a-7a05-11ec-90d6-0242ac120003,NULL,A54m-74,Bigla,
889,818b35cf-4ec8-11e8-9432-985fd331b2ee,287,A14f-11,Sutglatscher,sut
890,df0bc0d2-7a05-11ec-90d6-0242ac120003,NULL,A54m-75,Breithorn Nordwand S,
891,df0bc1f4-7a05-11ec-90d6-0242ac120003,NULL,A54m-76,Ufem schwarzen Grat,
892,e34eff10-7a05-11ec-90d6-0242ac120003,NULL,A55a-05,Tschingelpass,
893,7fe54e00-4ec8-11e8-9794-985fd331b2ee,NULL,A55a-11,Kamel NW,
894,df0bc474-7a05-11ec-90d6-0242ac120003,NULL,A55a-12,Kamel SW,
895,7fe0930f-4ec8-11e8-a3a5-985fd331b2ee,NULL,A55a-13,Gamchilücke,
896,e64b769e-7a05-11ec-90d6-0242ac120003,NULL,C84-25,Furcela dal Riciöl,
897,e64b7806-7a05-11ec-90d6-0242ac120003,NULL,C84-26,Valun dal Bacun,
898,e64b7900-7a05-11ec-90d6-0242ac120003,NULL,C84-28,Roda Val della Neve,
899,e64b7cde-7a05-11ec-90d6-0242ac120003,NULL,C85-04,Punta Pioda,
900,e64b813e-7a05-11ec-90d6-0242ac120003,NULL,C92-02,Piz Cancian,
901,e64b87ce-7a05-11ec-90d6-0242ac120003,NULL,C95-05,Dügüral,
902,e64b88be-7a05-11ec-90d6-0242ac120003,NULL,C95-06,Punta dal Dügüral NW,
903,e64b89b8-7a05-11ec-90d6-0242ac120003,NULL,C95-07,Punta dal Dügüral SW,
904,e64b8abc-7a05-11ec-90d6-0242ac120003,NULL,C95-08,Scima da Saoseo NE,
905,e64b8bc0-7a05-11ec-90d6-0242ac120003,NULL,C95-09,Scima da Saoseo,
906,e64b8328-7a05-11ec-90d6-0242ac120003,NULL,C95-10,Pass da Sach E,
907,e64b8422-7a05-11ec-90d6-0242ac120003,NULL,C95-11,Scima da Saoseo SE,
908,df0a4716-7a05-11ec-90d6-0242ac120003,NULL,A14h-24,Fuorcla Serengia,
909,df0a495a-7a05-11ec-90d6-0242ac120003,NULL,A14h-25,Tuors Paradis,
910,df0a5a6c-7a05-11ec-90d6-0242ac120003,NULL,A14i-06,Fuorcla Curnera,
911,e64bb352-7a05-11ec-90d6-0242ac120003,NULL,E07-04,Spi da Baselgia NW,
912,81511300-4ec8-11e8-b1f2-985fd331b2ee,NULL,A14i-02,Bocchetta del Blas,
913,e64bb460-7a05-11ec-90d6-0242ac120003,NULL,E07-05,Spi da Baselgia N,
914,81e60000-4ec8-11e8-8ec9-985fd331b2ee,314,E33-01,Vadret Güglia,gueglia
915,820a29d1-4ec8-11e8-a69e-985fd331b2ee,NULL,E15-08,Piz Prüna E,
916,e64be110-7a05-11ec-90d6-0242ac120003,NULL,E15-14,Piz Prüna W,
917,e64be21e-7a05-11ec-90d6-0242ac120003,NULL,E15-17,Piz Languard,
918,e64be322-7a05-11ec-90d6-0242ac120003,NULL,E15-19,Il Corn E,
919,e64be4bc-7a05-11ec-90d6-0242ac120003,NULL,E15-20,Crasta Burdun N,
920,81937330-4ec8-11e8-b736-985fd331b2ee,NULL,A50j-12,Guppenfirn,guppen
921,e64bec28-7a05-11ec-90d6-0242ac120003,NULL,E15-27,Piz Chatscheders,
922,e64bedae-7a05-11ec-90d6-0242ac120003,NULL,E15-28,Piz Prüna NW,
923,e64beebc-7a05-11ec-90d6-0242ac120003,NULL,E15-29,Muot da la Pischa NE,
924,e64c2350-7a05-11ec-90d6-0242ac120003,NULL,E24-02,Piz Surlej,
925,00000000-0000-0000-0000-000000000000,NULL,A00-00,GLAMOS Office,Not done
926,823669f0-4ec8-11e8-880f-985fd331b2ee,375,B51-13,Triftgletscher (Saas-Almagell),triftweissmies
927,e3514356-7a05-11ec-90d6-0242ac120003,NULL,B72-28,Pointe du Genevois W,
928,af0b1346-f61b-48df-a984-13a52661dd38,NULL,B56-32,Schwärzegletscher,schwärze
929,bd767c6f-6ba6-4ced-b40c-bbd8a61b57c0,NULL,B45-37,Hinnersulzgletscher,hinnersulz
930,c473db91-a291-4fc0-808f-5d380666b638,NULL,B72-39,noname,noname
931,5e168afe-f006-42d4-9d5f-7c7c8e6fd8b1,NULL,B73-41,Glacier de la Mitre,mitre
932,12081b2c-9815-4b90-a0ee-3d305b904520,NULL,B31-29,Zem Hindri Ligg,hindriligg
933,c44eab9a-20ef-4c17-89ef-16471d659fe9,NULL,B55-40,Längfluejoch,längflue
934,839623f0-8806-4dfa-a489-e6d984a01cbd,NULL,B56-33,Chli Triftji,chlitriftji
935,de6bbca7-d7c5-4b67-bc36-ea1fe5498b02,NULL,C01-18,Tossenjoch,tossenjoch
936,5281845a-e171-49c0-8c0e-23a3ae3d0a03,NULL,B36-63,Sattelhorn,sattelhorn
937,df87a953-c1e3-4d73-a1ce-33a6d1493d74,NULL,B36-64,Unterbächhorn,
938,df0bc5fa-7a05-11ec-90d6-0242ac120003,NULL,A55a-14,Morgenhorn E,
939,df0bc708-7a05-11ec-90d6-0242ac120003,NULL,A55a-17,Zahmi-Frau N,
940,df0bc87a-7a05-11ec-90d6-0242ac120003,NULL,A55a-18,Zahmi-Frau S,
941,df0bc988-7a05-11ec-90d6-0242ac120003,NULL,A55a-19,Rota Härd,
942,df0bcb36-7a05-11ec-90d6-0242ac120003,NULL,A55a-20,Bim Telli N,
943,e34ef862-7a05-11ec-90d6-0242ac120003,NULL,A55a-21,Wild Andrist,
944,e34f9aec-7a05-11ec-90d6-0242ac120003,NULL,B40-16,Wasechumma,
945,df095eaa-7a05-11ec-90d6-0242ac120003,NULL,A12e-03,Murtel d'las Nuorzas,
946,df0959d2-7a05-11ec-90d6-0242ac120003,NULL,A12e-13,Piz Valmela,
947,df095b4e-7a05-11ec-90d6-0242ac120003,NULL,A12e-14,Kesch Pitschen NW,
948,df095d92-7a05-11ec-90d6-0242ac120003,NULL,A12e-16,Kesch Pitschen SE,
949,1654e8f7-6885-4921-a4f5-93af8cc9e9a2,NULL,B36-65,Nesthorn Ost,
950,d33c0ef0-a048-4433-952b-3bea9fce0626,NULL,B36-66,Schinhorn,
951,9926b5f1-f765-40d7-a82e-64c105b921ee,NULL,B36-67,Sattelhorn,
952,f86e844c-09e8-4af7-881f-d7cef8e3c885,NULL,B36-68,Kleines Aletschhorn,
953,1f5830da-ef41-46d0-97c0-c4e024592c00,NULL,B36-69,Mittelaletschlücke,
954,337a0739-7282-4e88-b882-cb71350d6db5,NULL,B82-79,Glacier de l'Aouille,aouille
955,f1ea6e4f-3ffb-4b84-87ae-3d2d57895279,NULL,B82-80,Petite Aouille,petiteaouille
956,3f68812c-e365-4abc-8cac-3b6818927b6b,NULL,B82-81,Glacier de l'Aiguilette,aiguillette
957,e64bf0e2-7a05-11ec-90d6-0242ac120003,NULL,E15-30,Muot da la Pischa W,
958,e64bf1f0-7a05-11ec-90d6-0242ac120003,NULL,E15-31,Crasta Languard,
959,e64bf2fe-7a05-11ec-90d6-0242ac120003,NULL,E15-32,Muot da la Pischa,
960,e64bf40c-7a05-11ec-90d6-0242ac120003,NULL,E15-33,Vadret Languard E,
961,e64bf59c-7a05-11ec-90d6-0242ac120003,NULL,E15-35,Crasta Burdun SW,
962,e64bf6aa-7a05-11ec-90d6-0242ac120003,NULL,E15-36,Crasta Burdun SW,
963,e64bf7c2-7a05-11ec-90d6-0242ac120003,NULL,E15-37,Crasta Burdun NE,
964,e64bf8d0-7a05-11ec-90d6-0242ac120003,NULL,E15-38,Crasta Burdun N,
965,e64bfd08-7a05-11ec-90d6-0242ac120003,NULL,E16-01,Il Corn,
966,e64bfe7a-7a05-11ec-90d6-0242ac120003,NULL,E16-03,Piz da las Sterlas,
967,e64bff88-7a05-11ec-90d6-0242ac120003,NULL,E16-04,Piz Vadret,
968,e64c02f8-7a05-11ec-90d6-0242ac120003,NULL,E20-04,Les Sours,
969,e64c056e-7a05-11ec-90d6-0242ac120003,NULL,E20-07,Paun da Zücher,
970,e64c168a-7a05-11ec-90d6-0242ac120003,NULL,E22-01,Ruina Grischa,
971,814e7af0-4ec8-11e8-8354-985fd331b2ee,NULL,A14j-08,Piz Nair,
972,e64c1234-7a05-11ec-90d6-0242ac120003,NULL,E21-03,Piz Minor E,
973,e64c1360-7a05-11ec-90d6-0242ac120003,NULL,E21-04,Val da Fain,
974,bb1de7f8-74a9-11ea-bc55-0242ac130003,NULL,A14j-17,Piz Nair,
975,df0a6296-7a05-11ec-90d6-0242ac120003,NULL,A14j-18,Piz Nair,
976,df0a63ae-7a05-11ec-90d6-0242ac120003,NULL,A14j-19,Ils Garvers,
977,df0a670a-7a05-11ec-90d6-0242ac120003,NULL,A14j-20,Piz Tgietschen N,
978,df0a6836-7a05-11ec-90d6-0242ac120003,NULL,A14j-21,Piz Tgietschen S,
979,df0a694e-7a05-11ec-90d6-0242ac120003,NULL,A14j-22,Fuorcla da Strem Sura N,
980,df0a6ac0-7a05-11ec-90d6-0242ac120003,NULL,A14j-23,Fuorcla da Strem Sura S,
981,815ef5b0-4ec8-11e8-90d1-985fd331b2ee,NULL,A14k-02,Crap Baselgia,
982,df0a7272-7a05-11ec-90d6-0242ac120003,NULL,A14k-03,Piz Acletta,
983,8165ac70-4ec8-11e8-900e-985fd331b2ee,NULL,A14k-04,Piz Cavardiras S,
984,df0a74f2-7a05-11ec-90d6-0242ac120003,NULL,A14k-05,Piz Gendusas,
985,81653740-4ec8-11e8-a838-985fd331b2ee,NULL,A14k-01,Brichlig,
986,df0a7600-7a05-11ec-90d6-0242ac120003,NULL,A14l-01,Fuorcla Brit,
987,df0a805a-7a05-11ec-90d6-0242ac120003,NULL,A14l-05,Hinter Stotzig Grat,
988,81684480-4ec8-11e8-923e-985fd331b2ee,NULL,A14l-07,Tschingelstöck,
989,814d6980-4ec8-11e8-a499-985fd331b2ee,NULL,A14i-09,Fuorcla Borel,
990,e64c157c-7a05-11ec-90d6-0242ac120003,NULL,E21-09,Gianda Persa ,
991,e64c0712-7a05-11ec-90d6-0242ac120003,NULL,E21-10,Piz Minor N,
992,e64c08b6-7a05-11ec-90d6-0242ac120003,NULL,E21-11,Piz Minor W,
993,e64c09c4-7a05-11ec-90d6-0242ac120003,NULL,E21-12,Gianda dals Lejs,
994,e64c0ad2-7a05-11ec-90d6-0242ac120003,NULL,E21-13,Piz dals Lejs W,
995,e64c0bd6-7a05-11ec-90d6-0242ac120003,NULL,E21-14,Piz dals Lejs N,
996,e64c0cee-7a05-11ec-90d6-0242ac120003,NULL,E21-15,Piz dals Lejs E,
997,e64c0dfc-7a05-11ec-90d6-0242ac120003,NULL,E21-16,Sass Queder N,
998,e64c0f0a-7a05-11ec-90d6-0242ac120003,NULL,E21-17,Sass Queder W,
999,e64c189c-7a05-11ec-90d6-0242ac120003,NULL,E22-02,Sass Queder S,
1000,e64c1a5e-7a05-11ec-90d6-0242ac120003,NULL,E22-04,Rifugi dals Chamuotschs,
1001,e64c20b2-7a05-11ec-90d6-0242ac120003,NULL,E23-08,Fuorcla dals Aguagliouls,
1002,e64c1c7a-7a05-11ec-90d6-0242ac120003,NULL,E23-14,Fuorcla dal Lej Sgrischus,
1003,8243b05e-4ec8-11e8-897c-985fd331b2ee,155,C15-01,Ghiacciaio di Sasso Nero,sassonero
1004,df095fc2-7a05-11ec-90d6-0242ac120003,NULL,A12f-03,Piz Zavretta,
1005,df0961e8-7a05-11ec-90d6-0242ac120003,NULL,A12f-06,Piz Zavretta N,
1006,df09656c-7a05-11ec-90d6-0242ac120003,NULL,A12f-07,Piz Zavretta E,
1007,df0966ca-7a05-11ec-90d6-0242ac120003,NULL,A12f-08,Piz Zavretta SE,
1008,df095c7a-7a05-11ec-90d6-0242ac120003,NULL,A12e-15,Piz Pischa S,
1009,df0967ec-7a05-11ec-90d6-0242ac120003,NULL,A12g-01,Piz dals Vadrettins,
1010,e64c1fa4-7a05-11ec-90d6-0242ac120003,NULL,E23-20,Piz Aguagliouls,
1011,e64c245e-7a05-11ec-90d6-0242ac120003,NULL,E24-03,Vadret dal Corvatsch W,
1012,e64c2774-7a05-11ec-90d6-0242ac120003,NULL,E25-02,Piz da Lej Alv S,
1013,e64c2878-7a05-11ec-90d6-0242ac120003,NULL,E25-08,Plaun de las Furtschellas E,
1014,e64c2a1c-7a05-11ec-90d6-0242ac120003,NULL,E25-09,Chapütschin Pitschen NW,
1015,e64c2562-7a05-11ec-90d6-0242ac120003,NULL,E25-10,Chapütschin Pitschen N,
1016,e64c2670-7a05-11ec-90d6-0242ac120003,NULL,E25-11,Chapütschin Pitschen,
1017,e64c316a-7a05-11ec-90d6-0242ac120003,NULL,E26-07,Piz da la Margna,
1018,e64c2c2e-7a05-11ec-90d6-0242ac120003,NULL,E26-11,Creista da Fedoz E,
1019,e64c2d32-7a05-11ec-90d6-0242ac120003,NULL,E26-12,Creista da Fedoz SE ,
1020,e64c2e4a-7a05-11ec-90d6-0242ac120003,NULL,E26-13,Piz da la Margna N,
1021,e64c2f58-7a05-11ec-90d6-0242ac120003,NULL,E26-14,Piz da la Margna E,
1022,e64c341c-7a05-11ec-90d6-0242ac120003,NULL,E32-01,Vadret Lagrev E,
1023,e64c3638-7a05-11ec-90d6-0242ac120003,NULL,E32-03,Piz da las Coluonnas E,
1024,e64c373c-7a05-11ec-90d6-0242ac120003,NULL,E32-04,Piz da las Coluonnas,
1025,e64c3854-7a05-11ec-90d6-0242ac120003,NULL,E32-05,Spedla,
1026,e64c3962-7a05-11ec-90d6-0242ac120003,NULL,E32-06,Piz da las Coluonnas SE,
1027,e64c3afc-7a05-11ec-90d6-0242ac120003,NULL,E33-02,Vadret Gügliz Suot,
1028,e64c3c14-7a05-11ec-90d6-0242ac120003,NULL,E33-03,Vadret da Suvretta,
1029,e64c3d18-7a05-11ec-90d6-0242ac120003,NULL,E34-02,Piz Corviglia N,
1030,e64c3e1c-7a05-11ec-90d6-0242ac120003,NULL,E34-03,Chüdera N,
1031,e64c3f34-7a05-11ec-90d6-0242ac120003,NULL,E34-04,Chüdera S,
1032,e64c4042-7a05-11ec-90d6-0242ac120003,NULL,E34-05,Piz Corviglia E,
1033,e64c42d6-7a05-11ec-90d6-0242ac120003,NULL,E35-21,Crasta Jenatsch,
1034,e64c43da-7a05-11ec-90d6-0242ac120003,NULL,E35-24,Piz Laviner S,
1035,81697d00-4ec8-11e8-82b4-985fd331b2ee,NULL,A14l-03,Cavardiras E,
1036,81675a1e-4ec8-11e8-ac1e-985fd331b2ee,NULL,A14l-06,Surplattas W,
1037,816b03a1-4ec8-11e8-a468-985fd331b2ee,NULL,A14l-10,Cavrein W,
1038,816d9bb0-4ec8-11e8-a183-985fd331b2ee,NULL,A14l-11,Glatscher da Cavrein,
1039,816fbe8f-4ec8-11e8-8060-985fd331b2ee,NULL,A14l-12,Piz Cambrialas,
1040,816f224f-4ec8-11e8-916e-985fd331b2ee,NULL,A14l-13,Fuorcla Cambrials S,
1041,bb1dd1d2-74a9-11ea-bc55-0242ac130003,NULL,A15b-01,Augstberg,
1042,df0a7722-7a05-11ec-90d6-0242ac120003,NULL,A14l-17,Cuolm Tgietschen,
1043,df0a7948-7a05-11ec-90d6-0242ac120003,NULL,A14l-23,Piz Urlaun W,
1044,df0a7bc8-7a05-11ec-90d6-0242ac120003,NULL,A14l-26,Piz Glivers Dado,
1045,816e37f0-4ec8-11e8-8395-985fd331b2ee,NULL,A14l-14,Fuorcla Cambrials N,
1046,823c8470-4ec8-11e8-97c6-985fd331b2ee,NULL,A14l-27,Tschingellücke,
1047,e64c44e8-7a05-11ec-90d6-0242ac120003,NULL,E41-01,Piz Bleisun,
1048,e64c4772-7a05-11ec-90d6-0242ac120003,NULL,E41-05,Porta d'Es-cha,
1049,e64c4e34-7a05-11ec-90d6-0242ac120003,NULL,E42-03,Viluoch,
1050,bb1daab8-74a9-11ea-bc55-0242ac130003,NULL,A14l-15,Val Pintga da Rusein,
1051,e64c4f42-7a05-11ec-90d6-0242ac120003,NULL,E42-04,Val Müsella,
1052,e64c5050-7a05-11ec-90d6-0242ac120003,NULL,E42-05,Funtauna N,
1053,e64c515e-7a05-11ec-90d6-0242ac120003,NULL,E42-07,Passhöreli,
1054,e64c498e-7a05-11ec-90d6-0242ac120003,NULL,E42-18,Porchabella S,
1055,e64c4a92-7a05-11ec-90d6-0242ac120003,NULL,E42-19,Val Müsella W,
1056,e64c4c0e-7a05-11ec-90d6-0242ac120003,NULL,E42-20,Funtauna W,
1057,e64c4d26-7a05-11ec-90d6-0242ac120003,NULL,E42-21,Funtauna E,
1058,81711e21-4ec8-11e8-a30c-985fd331b2ee,NULL,A14l-16,Heimstock SW,
1059,e64c5726-7a05-11ec-90d6-0242ac120003,NULL,E43-03,Puntota N,
1060,ea251270-7a05-11ec-90d6-0242ac120003,NULL,E43-07,Fuorcla Barlas-ch,
1061,81734100-4ec8-11e8-a00a-985fd331b2ee,NULL,A14l-18,Heimstock SE,
1062,818394b0-4ec8-11e8-a860-985fd331b2ee,NULL,A14m-03,Posta Biala E,
1063,8189af30-4ec8-11e8-a3a1-985fd331b2ee,NULL,A14n-03,Barcun Frisal Sut,
1064,ea251694-7a05-11ec-90d6-0242ac120003,NULL,E44-03,Vadret da Sarsura N,
1065,ea251798-7a05-11ec-90d6-0242ac120003,NULL,E44-06,Piz d'Immez,
1066,ea251c0c-7a05-11ec-90d6-0242ac120003,NULL,E44-09,Sarsura N,
1067,ea25159a-7a05-11ec-90d6-0242ac120003,NULL,E44-10,Arpschella,
1068,81e69c40-4ec8-11e8-89c5-985fd331b2ee,NULL,E35-09,Piz Bever,
1069,8237f08f-4ec8-11e8-8164-985fd331b2ee,NULL,E35-14,Piz Traunter Ovas,
1070,ea2523fa-7a05-11ec-90d6-0242ac120003,NULL,E45-03,Piz Arpschella S,
1071,81814ac0-4ec8-11e8-b25d-985fd331b2ee,NULL,A14l-24,Posta Biala NW,
1072,bb1dbf30-74a9-11ea-bc55-0242ac130003,NULL,A14l-25,Posta Biala W,
1073,bb1da2de-74a9-11ea-bc55-0242ac130003,NULL,A14n-24,Tumpiv NE,
1074,81b0981e-4ec8-11e8-8784-985fd331b2ee,154,C53-03,Pass de Mucia,mucia
1075,df096ef4-7a05-11ec-90d6-0242ac120003,NULL,A12g-03,Piz Salteras,
1076,e64baa74-7a05-11ec-90d6-0242ac120003,NULL,E05-02,Piz Plavna Dadaint,
1077,8152e7c0-4ec8-11e8-844a-985fd331b2ee,278,A14h-05,Glatscher da Nalps,nalps
1078,e64ba970-7a05-11ec-90d6-0242ac120003,338,E05-12,Val Sampuoir,samupoir
1079,e64bbc30-7a05-11ec-90d6-0242ac120003,345,E11-01,Lambresso,schumraida
1080,e64bc400-7a05-11ec-90d6-0242ac120003,330,E12-01,Val da l'Aqua,aqua
1081,e64bcf2c-7a05-11ec-90d6-0242ac120003,331,E12-03,Val Diavel,divael
1082,e34efaba-7a05-11ec-90d6-0242ac120003,NULL,A55a-22,Bim Telli S,
1083,e64bd5f8-7a05-11ec-90d6-0242ac120003,332,E13-01,Piz Quatervals,quatervals
1084,e64bd706-7a05-11ec-90d6-0242ac120003,333,E13-03,Piz Esen,esen
1085,e64bf9e8-7a05-11ec-90d6-0242ac120003,319,E15-06,Vadret Languard,languard
1086,e34efbdc-7a05-11ec-90d6-0242ac120003,NULL,A55a-23,Büttlassasattel,
1087,df0a7e02-7a05-11ec-90d6-0242ac120003,NULL,A14l-29,Muota,
1088,df0a7f38-7a05-11ec-90d6-0242ac120003,NULL,A14l-30,Muota Cavrein,
1089,8180d58f-4ec8-11e8-bf28-985fd331b2ee,NULL,A14m-01,Falluns,
1090,df0a828a-7a05-11ec-90d6-0242ac120003,NULL,A14n-01,Piz Dadens,
1091,df0a8e2e-7a05-11ec-90d6-0242ac120003,NULL,A14n-07,Cavorgia da Vuors,
1092,df0a83a2-7a05-11ec-90d6-0242ac120003,NULL,A14n-16,Muttenbergen N,
1093,df0a84c4-7a05-11ec-90d6-0242ac120003,NULL,A14n-17,Muttenbergen S,
1094,8184a621-4ec8-11e8-8edd-985fd331b2ee,NULL,A14m-04,Fuorcla Punteglias,
1095,df0a860e-7a05-11ec-90d6-0242ac120003,NULL,A14n-19,Hausstock,
1096,df0a88d4-7a05-11ec-90d6-0242ac120003,NULL,A14n-20,Chli Rucha,
1097,df0a8b18-7a05-11ec-90d6-0242ac120003,NULL,A14n-22,Crappa Grossa,
1098,df0a8c1c-7a05-11ec-90d6-0242ac120003,NULL,A14n-23,Falla Lenn,
1099,df0a8f50-7a05-11ec-90d6-0242ac120003,NULL,A14o-02,Bündner Vorab,
1100,8181e700-4ec8-11e8-aae4-985fd331b2ee,NULL,A14m-05,Piz Urlaun S,
1101,818430f0-4ec8-11e8-8cfa-985fd331b2ee,NULL,A14m-06,Piz Urlaun E,
1102,df0a918a-7a05-11ec-90d6-0242ac120003,NULL,A14p-11,Vorder Ringel,
1103,bb1dd434-74a9-11ea-bc55-0242ac130003,NULL,A14m-07,Punteglias E,
1104,bb1da7ac-74a9-11ea-bc55-0242ac130003,NULL,A14m-08,Punteglias N,
1105,818f2d70-4ec8-11e8-9a13-985fd331b2ee,NULL,A14m-12,Tumpiv S ,
1106,818bab00-4ec8-11e8-a954-985fd331b2ee,NULL,A14n-02,Cavistrau,
1107,818c2030-4ec8-11e8-9a8e-985fd331b2ee,NULL,A14n-06,Durschin W,
1108,bb1dbac6-74a9-11ea-bc55-0242ac130003,NULL,A14n-14,Glatscher da Frisal N,
1109,df0ab6ec-7a05-11ec-90d6-0242ac120003,NULL,A50i-11,Piz Urlaun N,
1110,81f8c4b0-4ec8-11e8-a27f-985fd331b2ee,NULL,E22-14,Vadret Boval Dadains N,
1111,bb1e332a-74a9-11ea-bc55-0242ac130003,NULL,E22-15,Piz Morteratsch,
1112,bb1dc3e0-74a9-11ea-bc55-0242ac130003,NULL,A14n-15,Muttenlücke,
1113,bb1dd36c-74a9-11ea-bc55-0242ac130003,NULL,A14n-18,Piz Gavirolas,
1114,bb1d9f96-74a9-11ea-bc55-0242ac130003,NULL,A14p-06,Lavadignas E,
1115,bb1dc9e4-74a9-11ea-bc55-0242ac130003,NULL,A14p-08,Morchopf,
1116,bb1dae78-74a9-11ea-bc55-0242ac130003,NULL,A15b-03,Tristelhorn,
1117,bb1e2920-74a9-11ea-bc55-0242ac130003,NULL,A50i-20,Gletscherchopf,
1118,bb1e2b5a-74a9-11ea-bc55-0242ac130003,NULL,A50i-24,Speichstock,
1119,bb1da6da-74a9-11ea-bc55-0242ac130003,NULL,A50d-03,Schiben,
1120,81b6b29e-4ec8-11e8-9061-985fd331b2ee,NULL,A50h-03,Vorabsattel W,
1121,81a99340-4ec8-11e8-8802-985fd331b2ee,NULL,A50h-04,Husstockegg,
1122,81a7976e-4ec8-11e8-b544-985fd331b2ee,NULL,A50h-05,Alplifirn,
1123,822af840-4ec8-11e8-9f96-985fd331b2ee,NULL,A50i-03,Chli Ruchi,
1124,df0aa9c2-7a05-11ec-90d6-0242ac120003,NULL,A50h-15,Schiltbäch,
1125,df0aabe8-7a05-11ec-90d6-0242ac120003,NULL,A50h-16,Schiltbäch W,
1126,81aceea1-4ec8-11e8-9170-985fd331b2ee,NULL,A50i-01,Schafalp,
1127,df0a9b62-7a05-11ec-90d6-0242ac120003,NULL,A15b-06,Panärahorn,
1128,df0a9c66-7a05-11ec-90d6-0242ac120003,NULL,A15b-07,Orglensattel,
1129,df0a9d74-7a05-11ec-90d6-0242ac120003,NULL,A15b-08,Panäragrat,
1130,df0a9e78-7a05-11ec-90d6-0242ac120003,NULL,A15b-09,Hustäli,
1131,df0a970c-7a05-11ec-90d6-0242ac120003,NULL,A15b-10,Husegg,
1132,df0a9824-7a05-11ec-90d6-0242ac120003,NULL,A15b-11,Hinder Panärahorn,
1133,df0a9a4a-7a05-11ec-90d6-0242ac120003,NULL,A15b-12,Risegg,
1134,818eb840-4ec8-11e8-9062-985fd331b2ee,NULL,A50i-08,Selbsanft,
1135,df0aa09e-7a05-11ec-90d6-0242ac120003,NULL,A22-03,Chalbersäntis,
1136,8182f86e-4ec8-11e8-84e7-985fd331b2ee,NULL,A50i-15,Hinterer Rötifirn,
1137,bb1db256-74a9-11ea-bc55-0242ac130003,NULL,A14n-04,Glatscher da Frisal S,
1138,df0aa1ca-7a05-11ec-90d6-0242ac120003,NULL,A22-04,Lisengrat,
1139,df0aaf62-7a05-11ec-90d6-0242ac120003,NULL,A50h-02,Glarner Vorab,
1140,803c95c0-4ec8-11e8-8656-985fd331b2ee,NULL,B31-06,Sattelhorn,
1141,e34efd08-7a05-11ec-90d6-0242ac120003,NULL,A55a-25,Gamchigletscher S,
1142,e34efe16-7a05-11ec-90d6-0242ac120003,NULL,A55a-26,Gamchilücke W,
1143,e34f0014-7a05-11ec-90d6-0242ac120003,NULL,A55b-01,Lägigrat,
1144,7fd19ef0-4ec8-11e8-908f-985fd331b2ee,NULL,A55b-03,Blüemlisalp Rothorn,
1145,e64c0424-7a05-11ec-90d6-0242ac120003,318,E20-06,Vadret d'Albris,albris
1146,81fc9540-4ec8-11e8-b667-985fd331b2ee,NULL,E20-03,Vadret Muragl W,
1147,df0ab14c-7a05-11ec-90d6-0242ac120003,NULL,A50h-06,Gross Kärpf,
1148,df0ab282-7a05-11ec-90d6-0242ac120003,NULL,A50h-07,Hueli,
1149,df0ab390-7a05-11ec-90d6-0242ac120003,NULL,A50h-08,Täligrat,
1150,bb1dc49e-74a9-11ea-bc55-0242ac130003,NULL,A50h-10,Spienggenstöckli,
1151,df0aa5f8-7a05-11ec-90d6-0242ac120003,NULL,A50h-12,Ober Saumen,
1152,df0aad00-7a05-11ec-90d6-0242ac120003,NULL,A50h-17,Chli Kärpf,
1153,06d5fc9e-7423-11ea-bc55-0242ac130003,NULL,A50i-23,Spitzalpfirn,
1154,81828340-4ec8-11e8-8a1e-985fd331b2ee,NULL,A50i-27,Hinterer Rötifirn S,
1155,82126730-4ec8-11e8-83fe-985fd331b2ee,NULL,A10g-14,Zadrellgletscher,
1156,81f23500-4ec8-11e8-be2b-985fd331b2ee,NULL,A12e-06,Piz Pischa,
1157,81c90221-4ec8-11e8-9522-985fd331b2ee,NULL,A13c-01,Usser Wissberg,
1158,81c50a80-4ec8-11e8-8739-985fd331b2ee,NULL,A13h-01,Piz della Palù,
1159,81745270-4ec8-11e8-a51b-985fd331b2ee,NULL,A14g-05,Piz Cristallina,
1160,8171ba61-4ec8-11e8-8787-985fd331b2ee,NULL,A14g-07,Glatscher dallas Tuors,
1161,df0aae36-7a05-11ec-90d6-0242ac120003,NULL,A50h-18,Kärpfscharten,
1162,df0abe94-7a05-11ec-90d6-0242ac120003,NULL,A50i-26,Schlössliturm,
1163,819cc200-4ec8-11e8-bffc-985fd331b2ee,NULL,A50i-28,Latten,
1164,df0ac0e2-7a05-11ec-90d6-0242ac120003,NULL,A50i-29,Furkel N,
1165,df0ac308-7a05-11ec-90d6-0242ac120003,NULL,A50i-30,Ruchi,
1166,df0ac416-7a05-11ec-90d6-0242ac120003,NULL,A50i-31,Chistenband,
1167,8211f200-4ec8-11e8-9016-985fd331b2ee,NULL,A10g-09,Chlein Wintertälli,
1168,82139fb0-4ec8-11e8-b008-985fd331b2ee,NULL,A10g-12,Vernelagletscher,
1169,81ef9cf0-4ec8-11e8-afa2-985fd331b2ee,NULL,A12d-10,Ducangletscher,
1170,81f01221-4ec8-11e8-989d-985fd331b2ee,NULL,A12e-09,Vadret Üertsch West,
1171,81d7810f-4ec8-11e8-9279-985fd331b2ee,NULL,A12i-04,Piz d'Err,
1172,81c83ecf-4ec8-11e8-8f0f-985fd331b2ee,NULL,A13g-05,Vadrec da Gallagiun,
1173,81c5cdcf-4ec8-11e8-bcae-985fd331b2ee,NULL,A13g-07,Ghiacciaio del Pizzo Rosso,
1174,81c1af1e-4ec8-11e8-88de-985fd331b2ee,NULL,A13i-04,Surettalückli,
1175,8187da70-4ec8-11e8-9f01-985fd331b2ee,NULL,A14f-12,Glatscher da Valdraus,
1176,8173b630-4ec8-11e8-ae9a-985fd331b2ee,NULL,A14g-03,Glatscher da Puzzetta SW,
1177,816b78d1-4ec8-11e8-9bc8-985fd331b2ee,NULL,A14g-09,Glatscher da Casatscha,
1178,815aaff0-4ec8-11e8-bccb-985fd331b2ee,NULL,A14g-13,Lai Verd,
1179,8160ca70-4ec8-11e8-b939-985fd331b2ee,NULL,A14g-15,Piz Gierm NE,
1180,8162c640-4ec8-11e8-a0d8-985fd331b2ee,NULL,A14h-01,Glatscher da Puozas,
1181,df0ac524-7a05-11ec-90d6-0242ac120003,NULL,A50i-33,Griessli,
1182,df0ac768-7a05-11ec-90d6-0242ac120003,NULL,A50i-34,Griessloch,
1183,df0ac880-7a05-11ec-90d6-0242ac120003,NULL,A50i-39,Hintersulzlücke,
1184,df0ac98e-7a05-11ec-90d6-0242ac120003,NULL,A50i-40,Furkel W,
1185,df0ad05a-7a05-11ec-90d6-0242ac120003,NULL,A50j-04,Clariden,
1186,e350bc60-7a05-11ec-90d6-0242ac120003,NULL,B53-03,Egginer SW,
1187,7abb3c0c-74d0-11ea-bc55-0242ac130003,NULL,A50i-37,Bündner Tödi E,
1188,7abb3b26-74d0-11ea-bc55-0242ac130003,NULL,A50i-38,Bündner Tödi N,
1189,817786c0-4ec8-11e8-9d3f-985fd331b2ee,NULL,A50j-02,Roten Nossen,
1190,8176ea80-4ec8-11e8-8e6d-985fd331b2ee,NULL,A50j-03,Roten Pfaffen,
1191,8172a4c0-4ec8-11e8-8925-985fd331b2ee,NULL,A50j-05,Clariden Nordwand,
1192,81722f8f-4ec8-11e8-8842-985fd331b2ee,NULL,A50j-06,Im Griess,
1193,816ead21-4ec8-11e8-a0c2-985fd331b2ee,NULL,A50j-07,Iswändli,
1194,81862cc0-4ec8-11e8-be43-985fd331b2ee,NULL,A50j-09,Bös Fulen,
1195,81919e70-4ec8-11e8-a3dd-985fd331b2ee,NULL,A50j-10,Bächifirn,
1196,8192d6f0-4ec8-11e8-9639-985fd331b2ee,NULL,A50j-11,Bächifirn E,
1197,8196f59e-4ec8-11e8-81fd-985fd331b2ee,NULL,A50j-13,Guppenfirn E,
1198,8185b78f-4ec8-11e8-be88-985fd331b2ee,NULL,A50j-14,Ortstock NE,
1199,df0ad15e-7a05-11ec-90d6-0242ac120003,NULL,A50k-02,Vrenelisgärtli,
1200,df0ad2e4-7a05-11ec-90d6-0242ac120003,NULL,A50k-03,Schwander Grat,
1201,df0ad3f2-7a05-11ec-90d6-0242ac120003,NULL,A50k-05,Bächistock,
1202,df0ad5dc-7a05-11ec-90d6-0242ac120003,NULL,A50k-08,Hinter Gassenstock,
1203,8229e6cf-4ec8-11e8-9916-985fd331b2ee,NULL,A51b-01,Ortstock,
1204,818e430f-4ec8-11e8-b728-985fd331b2ee,NULL,A50k-07,Radtäli,
1205,bb1e0486-74a9-11ea-bc55-0242ac130003,NULL,A51-06,Pizzo Lucendro,
1206,bb1dc926-74a9-11ea-bc55-0242ac130003,NULL,A51b-09,Bös Fulen,
1207,81546e61-4ec8-11e8-a98e-985fd331b2ee,NULL,A51c-09,Firenband (UR),
1208,815e0b4f-4ec8-11e8-90a0-985fd331b2ee,NULL,A51c-11,Firenband Ost (UR),
1209,e34f0514-7a05-11ec-90d6-0242ac120003,NULL,A55b-20,Blüemlisalphorn,
1210,7fbc1b1e-4ec8-11e8-9301-985fd331b2ee,NULL,A55b-22,Klein Doldenhorn,
1211,e34f082a-7a05-11ec-90d6-0242ac120003,NULL,A55b-23,Schwarzdolde,
1212,df0a7830-7a05-11ec-90d6-0242ac120003,282,A14l-21,Stoc Grond,spescha
1213,e64c560e-7a05-11ec-90d6-0242ac120003,329,E43-02,Puntota,puntota
1214,816696cf-4ec8-11e8-879f-985fd331b2ee,284,A14l-04,Cavardiras W,cavardiras
1215,df0ada1e-7a05-11ec-90d6-0242ac120003,NULL,A51c-12,Griesseggen,
1216,df0ad6ea-7a05-11ec-90d6-0242ac120003,NULL,A51b-02,Grisset,
1217,817abb0f-4ec8-11e8-9dd3-985fd331b2ee,NULL,A50i-22,Sandfirn / Chli Tödi,
1218,df0ad7f8-7a05-11ec-90d6-0242ac120003,NULL,A51b-03,Schijen,
1219,df0ae28e-7a05-11ec-90d6-0242ac120003,NULL,A51c-04,Griessstock,
1220,df0adc8a-7a05-11ec-90d6-0242ac120003,NULL,A51c-13,Wiss Stöckli,
1221,df0addca-7a05-11ec-90d6-0242ac120003,NULL,A51c-16,Chli Schärhorn,
1222,bb1dcaa2-74a9-11ea-bc55-0242ac130003,NULL,A51c-01,Chammliberg,
1223,8163b09e-4ec8-11e8-b963-985fd331b2ee,NULL,A51c-06,Chli Ruchen,
1224,8226b280-4ec8-11e8-bdbd-985fd331b2ee,NULL,A51c-08,Gross Ruchen ,
1225,816621a1-4ec8-11e8-8e22-985fd331b2ee,NULL,A51c-10,Ruchenchälen,
1226,81516121-4ec8-11e8-b0e5-985fd331b2ee,NULL,A51d-03,Windgällenfirn,
1227,815d9621-4ec8-11e8-8d74-985fd331b2ee,NULL,A51d-06,Ruchenfirn,
1228,df0af030-7a05-11ec-90d6-0242ac120003,NULL,A51d-09,Griessbrawen,
1229,df0ae3b0-7a05-11ec-90d6-0242ac120003,NULL,A51d-17,Bänderstock,
1230,8153f930-4ec8-11e8-924f-985fd331b2ee,NULL,A51d-04,Stäfelfirn,
1231,8155cdee-4ec8-11e8-8725-985fd331b2ee,NULL,A51d-32,Staldenlücke,
1232,815817e1-4ec8-11e8-94f6-985fd331b2ee,NULL,A51d-05,Alpgnofer Firn,
1233,816425cf-4ec8-11e8-ba04-985fd331b2ee,NULL,A51d-07,Bocktschingelfirn,
1234,816a1940-4ec8-11e8-b637-985fd331b2ee,NULL,A51d-08,Hälsifirn,
1235,8167cf4f-4ec8-11e8-8e3d-985fd331b2ee,NULL,A51d-11,Hangfirn (Gross Düssi),
1236,816a8e70-4ec8-11e8-bbfa-985fd331b2ee,NULL,A51d-14,Tschingelfirn (Tschingelstock),
1237,815fe00f-4ec8-11e8-86a6-985fd331b2ee,NULL,A51d-16,Oberälpler,
1238,815a13b0-4ec8-11e8-8960-985fd331b2ee,NULL,A51d-18,Staldenfirn,
1239,8144b6ee-4ec8-11e8-aedd-985fd331b2ee,NULL,A51d-30,Rienzenstock,
1240,81572d80-4ec8-11e8-8e50-985fd331b2ee,NULL,A51d-19,Bächenfirn (Oberalpstock),
1241,81538400-4ec8-11e8-86cf-985fd331b2ee,NULL,A51d-20,Stöcklifirn,
1242,814c09f0-4ec8-11e8-85c6-985fd331b2ee,NULL,A51d-23,Spillauibielfirn,
1243,81494acf-4ec8-11e8-af8b-985fd331b2ee,NULL,A51d-25,Stockfirn,
1244,8148ae8f-4ec8-11e8-b2cd-985fd331b2ee,NULL,A51d-26,Hangfirn (Bristen),
1245,8147c42e-4ec8-11e8-8145-985fd331b2ee,NULL,A51d-27,Bristen,
1246,814727f0-4ec8-11e8-bb0c-985fd331b2ee,NULL,A51d-28,Chlüser,
1247,8145a14f-4ec8-11e8-816f-985fd331b2ee,NULL,A51d-29,Bächenfirn (Rienzenstock),
1248,bb1de988-74a9-11ea-bc55-0242ac130003,NULL,A51d-34,Hinter Stöckli,
1249,bb1de8c0-74a9-11ea-bc55-0242ac130003,NULL,A51d-35,Stöcklifirn E,
1250,81452c1e-4ec8-11e8-b6d0-985fd331b2ee,NULL,A51d-31,Bächenstock,
1251,df0ae9f0-7a05-11ec-90d6-0242ac120003,NULL,A51d-33,Gemsplanggenstöckli,
1252,df0aec5c-7a05-11ec-90d6-0242ac120003,NULL,A51d-37,Hälsigrat,
1253,df0aedd8-7a05-11ec-90d6-0242ac120003,NULL,A51d-39,Spillauisee,
1254,df0aef04-7a05-11ec-90d6-0242ac120003,NULL,A51d-40,Spillauibielen,
1255,81463d8f-4ec8-11e8-a3ab-985fd331b2ee,NULL,A51e-03,Pizzo di Froda,
1256,df0b12a4-7a05-11ec-90d6-0242ac120003,NULL,A51e-07,Gitziälpetlilücke,
1257,8143a580-4ec8-11e8-be04-985fd331b2ee,NULL,A51e-09,Hinter Gurschenälpetli,
1258,bb1dea46-74a9-11ea-bc55-0242ac130003,NULL,A51d-36,Stöcklifirn W,
1259,814441c0-4ec8-11e8-8575-985fd331b2ee,NULL,A51e-05,Unter Satzfirn,
1260,8142940f-4ec8-11e8-8e56-985fd331b2ee,NULL,A51e-06,Ober Satzgletscher,
1261,823b7300-4ec8-11e8-af60-985fd331b2ee,NULL,A51e-11,Gemsstock,
1262,df0af170-7a05-11ec-90d6-0242ac120003,NULL,A51e-15,Pizzo della Valletta,
1263,df0af422-7a05-11ec-90d6-0242ac120003,NULL,A51e-17,Stägenhorn,
1264,df0af558-7a05-11ec-90d6-0242ac120003,NULL,A51e-19,Passo di Cavanna,
1265,df0af666-7a05-11ec-90d6-0242ac120003,NULL,A51e-21,Rottällihorn,
1266,df0af77e-7a05-11ec-90d6-0242ac120003,NULL,A51e-28,Gross Muttenhorn,
1267,813f119e-4ec8-11e8-9d64-985fd331b2ee,NULL,A51e-13,Gupisfirn,
1268,81089851-4ec8-11e8-9a9c-985fd331b2ee,NULL,A51e-22,Rottälli,
1269,80fb2acf-4ec8-11e8-9ebd-985fd331b2ee,NULL,A51e-24,Chli Mutten,
1270,80f648cf-4ec8-11e8-b90c-985fd331b2ee,NULL,A51e-25,Gross Mutten,
1271,80f118b0-4ec8-11e8-a4be-985fd331b2ee,NULL,A51e-29,Deieren Älpetli,
1272,df0af896-7a05-11ec-90d6-0242ac120003,NULL,A51e-30,Blaubergpass,
1273,df0af9a4-7a05-11ec-90d6-0242ac120003,NULL,A51e-31,Mittlere Wilde Böden,
1274,80e8661e-4ec8-11e8-ade8-985fd331b2ee,NULL,A51e-32,Chli Furkahorn,
1275,80e9ecc0-4ec8-11e8-9ee3-985fd331b2ee,NULL,A51e-33,Sidelengrat E,
1276,804a2a4f-4ec8-11e8-a402-985fd331b2ee,NULL,B36-16,Jegi,
1277,80ec5dc0-4ec8-11e8-9069-985fd331b2ee,NULL,A51e-34,Gross Furka,
1278,80f00740-4ec8-11e8-91b2-985fd331b2ee,NULL,A51e-35,Sidelengletscher (UR),
1279,80fcb170-4ec8-11e8-95a0-985fd331b2ee,NULL,A51e-38,Sunnig Berg W,
1280,8179a9a1-4ec8-11e8-8f9a-985fd331b2ee,281,A14l-20,Russein,russein
1281,81b6165e-4ec8-11e8-963c-985fd331b2ee,292,A14o-01,Plaun Grond,siat
1282,df0a94dc-7a05-11ec-90d6-0242ac120003,294,A14p-13,Pass dil Segnas,segnessut
1283,7fca9a0f-4ec8-11e8-8ba9-985fd331b2ee,NULL,A55b-36,Howide E,
1284,81a351b0-4ec8-11e8-adf7-985fd331b2ee,290,A14n-10,Glatscher da Fluaz,fluaz
1285,7fc91370-4ec8-11e8-914a-985fd331b2ee,NULL,A55b-37,Hockenhorn,
1286,7fc80200-4ec8-11e8-9c32-985fd331b2ee,NULL,A55b-38,Hockenhorn W,
1287,bb1db198-74a9-11ea-bc55-0242ac130003,310,A14p-12,Ringelfirn,ringel
1288,bb1dcdfe-74a9-11ea-bc55-0242ac130003,272,A50h-09,Tschingel,tschingel
1289,81793470-4ec8-11e8-8224-985fd331b2ee,NULL,A50i-17,Sandfirn E,
1290,81be7acf-4ec8-11e8-827c-985fd331b2ee,276,A22-02,Blauschnee,blauschnee
1291,81bf8c40-4ec8-11e8-bfbd-985fd331b2ee,275,A22-01,Säntis,grossschnee
1292,8100d01e-4ec8-11e8-b739-985fd331b2ee,NULL,A51e-39,Sunnig Berg,
1293,df0afba2-7a05-11ec-90d6-0242ac120003,NULL,A51e-40,Winterstock,
1294,8148395e-4ec8-11e8-9ced-985fd331b2ee,NULL,A51d-22,Stockfirn W,
1295,8125bd40-4ec8-11e8-b2b3-985fd331b2ee,NULL,A51e-43,Mittagstock,
1296,811f7bb0-4ec8-11e8-8e21-985fd331b2ee,NULL,A51e-42,Müeterlishorn,
1297,df0afdc8-7a05-11ec-90d6-0242ac120003,NULL,A51e-44,Schneehüenderstock,
1298,8140230f-4ec8-11e8-9ed8-985fd331b2ee,NULL,A51e-46,Gafallenlücke,
1299,8127e021-4ec8-11e8-8a0e-985fd331b2ee,NULL,A51e-49,Löita del Ghiacciaio,
1300,df0affc6-7a05-11ec-90d6-0242ac120003,NULL,A51e-50,Meschitollerberg,
1301,813fadde-4ec8-11e8-acc3-985fd331b2ee,NULL,A51e-47,Gitziälpetlifirn,
1302,df0b00d4-7a05-11ec-90d6-0242ac120003,NULL,A51e-51,Pizzo Lucendro W,
1303,8186c900-4ec8-11e8-934a-985fd331b2ee,83,A14m-09,Glatscher da Punteglias,punteglias
1304,813e2740-4ec8-11e8-874e-985fd331b2ee,NULL,A51e-48,Gloggentürmli,
1305,df0b01e2-7a05-11ec-90d6-0242ac120003,NULL,A51e-52,Gane di Viei,
1306,df0b02f0-7a05-11ec-90d6-0242ac120003,NULL,A51e-54,Rottälligrat,
1307,df0b04e4-7a05-11ec-90d6-0242ac120003,NULL,A51e-55,Im hinteren Wissbach,
1308,811a2480-4ec8-11e8-86bd-985fd331b2ee,NULL,A51e-58,Blauberg,
1309,41c01c8a-da9e-465b-bbbc-01f60f4530c8,317,E22-16,Vadret Pers,pers
1310,8141a9b0-4ec8-11e8-9f26-985fd331b2ee,NULL,A51e-59,Rothorn,
1311,df0b07fa-7a05-11ec-90d6-0242ac120003,NULL,A51e-61,Mittaglücke,
1312,81b94ab0-4ec8-11e8-a857-985fd331b2ee,142,A14p-03,Glatschiu dil Segnas,segnes
1313,df0b0afc-7a05-11ec-90d6-0242ac120003,NULL,A51e-63,Spitzberglücke,
1314,df0b0c0a-7a05-11ec-90d6-0242ac120003,NULL,A51e-65,Griegufergrat,
1315,df0b0d04-7a05-11ec-90d6-0242ac120003,NULL,A51e-66,Stotzigen Firsten E,
1316,81ba350f-4ec8-11e8-a7e6-985fd331b2ee,91,A15b-05,Chline Gletscher,sardona
1317,df0b0ec6-7a05-11ec-90d6-0242ac120003,NULL,A51e-67,Stotzigen Firsten W,
1318,df0b0fca-7a05-11ec-90d6-0242ac120003,NULL,A51e-68,Stotzigen Firsten,
1319,df0b1196-7a05-11ec-90d6-0242ac120003,NULL,A51e-69,Gross Furkahorn W,
1320,df0b13b2-7a05-11ec-90d6-0242ac120003,NULL,A51e-70,Gross Furkahorn  E,
1321,81c383e1-4ec8-11e8-96ba-985fd331b2ee,81,A50d-01,Pizolgletscher,pizol
1322,bb1e1dfe-74a9-11ea-bc55-0242ac130003,NULL,A51e-62,Sunnig Berg E,
1323,df0b157e-7a05-11ec-90d6-0242ac120003,NULL,A51e-71,Gross Furkahorn,
1324,df0b1682-7a05-11ec-90d6-0242ac120003,NULL,A51e-73,Pizzo Centrale E,
1325,df0b17c2-7a05-11ec-90d6-0242ac120003,NULL,A51e-74,Gitziälpetli,
1326,df0b1902-7a05-11ec-90d6-0242ac120003,NULL,A51e-76,Sellabödeli,
1327,df0b1a9c-7a05-11ec-90d6-0242ac120003,NULL,A51e-78,Hüenderstock,
1328,df0b1c86-7a05-11ec-90d6-0242ac120003,NULL,A51f-01,Lochstocklücke,
1329,812ac651-4ec8-11e8-8dc0-985fd331b2ee,NULL,A51f-02,Mittaggletscher,
1330,4e79174a-a022-11ea-bb37-0242ac130002,273,A50h-14,Surenstock,sauren
1331,8120b430-4ec8-11e8-9648-985fd331b2ee,NULL,A51f-03,Zandgletscher,
1332,811d0ab0-4ec8-11e8-93a3-985fd331b2ee,NULL,A51f-04,Blauberggletscher,
1333,810def80-4ec8-11e8-b09e-985fd331b2ee,NULL,A51f-08,Lochberg,
1334,818dcde1-4ec8-11e8-8edf-985fd331b2ee,78,A50i-06,Limmerngletscher,limmern
1335,bb1d8a24-74a9-11ea-bc55-0242ac130003,NULL,A51f-11,Rotfirn S,
1336,80ede45e-4ec8-11e8-9159-985fd331b2ee,NULL,A51f-16,Gwächtenhorn,
1337,80fba000-4ec8-11e8-b9ea-985fd331b2ee,NULL,A51f-18,Rotstock E,
1338,82159b80-4ec8-11e8-ac33-985fd331b2ee,NULL,A10g-07,Chammgletscher,chamm
1339,80f907f0-4ec8-11e8-9dc0-985fd331b2ee,NULL,A51f-71,Rotstock W,
1340,813833cf-4ec8-11e8-8c38-985fd331b2ee,NULL,A51g-07,Guggitaler Schnee,
1341,8122fe1e-4ec8-11e8-a8ac-985fd331b2ee,NULL,A51g-12,Schlossfirn,
1342,8101454f-4ec8-11e8-83ad-985fd331b2ee,NULL,A51f-19,Brunnenfirn W,
1343,817f27e1-4ec8-11e8-8991-985fd331b2ee,77,A50i-12,Bifertengletscher,biferten
1344,817563de-4ec8-11e8-acbe-985fd331b2ee,266,A50i-18,Sandfirn,sand
1345,e34f0f8c-7a05-11ec-90d6-0242ac120003,NULL,A55b-44,Altels N,
1346,8176754f-4ec8-11e8-9a29-985fd331b2ee,141,A50i-19,Claridenfirn,clariden
1347,e34f1090-7a05-11ec-90d6-0242ac120003,NULL,A55b-45,Altels NE,
1348,e34f1284-7a05-11ec-90d6-0242ac120003,NULL,A55b-47,Wildelsige,
1349,e34f1388-7a05-11ec-90d6-0242ac120003,NULL,A55b-49,Arbegg,
1350,815e8080-4ec8-11e8-b60c-985fd331b2ee,279,A14h-02,Glatscher da Gannaretsch,gannaretsch
1351,bb1dadb0-74a9-11ea-bc55-0242ac130003,274,A50k-01,Chalttäli,chalttaeli
1352,8105d930-4ec8-11e8-9ffb-985fd331b2ee,NULL,A51f-20,Brunnenfirn E,
1353,8110d5b0-4ec8-11e8-a25b-985fd331b2ee,NULL,A51f-22,Stockgletscher,
1354,8115b7b0-4ec8-11e8-9937-985fd331b2ee,NULL,A51f-26,Hangfirn SW,
1355,812ce930-4ec8-11e8-93c7-985fd331b2ee,NULL,A51f-28,Salbitgletscher,
1356,812b628f-4ec8-11e8-8932-985fd331b2ee,NULL,A51f-29,Rohrfirn,
1357,811e6a40-4ec8-11e8-b40d-985fd331b2ee,NULL,A51f-34,Rütifirn,
1358,81151b6e-4ec8-11e8-ab43-985fd331b2ee,NULL,A51f-35,Griessenfirn,
1359,8112f88f-4ec8-11e8-a4ae-985fd331b2ee,NULL,A51f-36,Blaugand,
1360,8117655e-4ec8-11e8-a216-985fd331b2ee,NULL,A51f-37,Stucklistock,
1361,8112835e-4ec8-11e8-a7a0-985fd331b2ee,NULL,A51f-38,Tschingelfirn (Wassen),
1362,8103dd5e-4ec8-11e8-9a2e-985fd331b2ee,NULL,A51f-40,Chalchtalfirn,
1363,8101e18f-4ec8-11e8-be38-985fd331b2ee,NULL,A51f-42,Sustenlochfirn,
1364,80ff4980-4ec8-11e8-bfe7-985fd331b2ee,NULL,A51f-43,Chli Sustlifirn,
1365,81034121-4ec8-11e8-8b1d-985fd331b2ee,NULL,A51f-44,Stössenfirn E,
1366,81064e61-4ec8-11e8-ba64-985fd331b2ee,NULL,A51f-45,Stössenfirn NW,
1367,810f4f0f-4ec8-11e8-a3b9-985fd331b2ee,NULL,A51f-47,Murmetsplanggstock,
1368,8114a640-4ec8-11e8-ab5f-985fd331b2ee,NULL,A51f-48,Wichelplanggfirn,
1369,8117da8f-4ec8-11e8-bb81-985fd331b2ee,NULL,A51f-49,Höhenberg,
1370,811b5d00-4ec8-11e8-8404-985fd331b2ee,NULL,A51f-50,Chüefadfirn,
1371,813092b0-4ec8-11e8-90c6-985fd331b2ee,NULL,A51f-54,Rossfirn E,
1372,8133ee0f-4ec8-11e8-9299-985fd331b2ee,NULL,A51f-56,Bächenfirn  (Zwächten),
1373,8134b15e-4ec8-11e8-b7be-985fd331b2ee,NULL,A51f-57,Zwächten,
1374,8138f721-4ec8-11e8-9d5a-985fd331b2ee,NULL,A51f-59,Sassfirn,
1375,813c0461-4ec8-11e8-8118-985fd331b2ee,NULL,A51f-60,Schindlach,
1376,813af2f0-4ec8-11e8-b2ef-985fd331b2ee,NULL,A51f-61,Leitschachfirn,
1377,812dac80-4ec8-11e8-8183-985fd331b2ee,NULL,A51f-63,Hinter Lochstock,
1378,8128554f-4ec8-11e8-ba43-985fd331b2ee,NULL,A51f-64,Schwarz Stöckli E,
1379,8126326e-4ec8-11e8-90d4-985fd331b2ee,NULL,A51f-65,Schwarz Stöckli W,
1380,81239a5e-4ec8-11e8-805f-985fd331b2ee,NULL,A51f-66,Gross Band,
1381,80f18de1-4ec8-11e8-b15e-985fd331b2ee,NULL,A51f-68,Rotfirn,
1382,8132194f-4ec8-11e8-852a-985fd331b2ee,NULL,A51f-55,Sewenzwächten,
1383,80e90261-4ec8-11e8-ae20-985fd331b2ee,NULL,A51f-69,Maasplanggfirn,
1384,81143111-4ec8-11e8-9f07-985fd331b2ee,NULL,A51f-74,Bergseeschijen,
1385,8109d0cf-4ec8-11e8-b5fe-985fd331b2ee,NULL,A51f-75,Brunnenfirn S,
1386,811ac0c0-4ec8-11e8-ad50-985fd331b2ee,NULL,A51f-76,Hangfrin NE,
1387,81005af0-4ec8-11e8-ba3b-985fd331b2ee,NULL,A51f-77,Chli Sustli,
1388,80f29f4f-4ec8-11e8-a407-985fd331b2ee,NULL,A51f-78,Grassengrat E,
1389,811dce00-4ec8-11e8-9b55-985fd331b2ee,NULL,A51f-79,Bärengrueben,
1390,8121c5a1-4ec8-11e8-8033-985fd331b2ee,NULL,A51f-80,Chüefadstock,
1391,81317d0f-4ec8-11e8-9387-985fd331b2ee,NULL,A51f-82,Ross,
1392,8136ad2e-4ec8-11e8-805f-985fd331b2ee,NULL,A51f-83,Bächenfirn S (Zwächten),
1393,811394cf-4ec8-11e8-b58f-985fd331b2ee,NULL,A51f-85,Grassengrat W,
1394,822d904f-4ec8-11e8-896b-985fd331b2ee,NULL,A51f-86,Glatt Firn E,
1395,813b8f30-4ec8-11e8-ad98-985fd331b2ee,NULL,A51g-02,Chli Krönten N,
1396,813a56b0-4ec8-11e8-8f08-985fd331b2ee,NULL,A51g-03,Krönten,
1397,8139935e-4ec8-11e8-936d-985fd331b2ee,NULL,A51g-04,Rundstock,
1398,df0b2028-7a05-11ec-90d6-0242ac120003,NULL,A51f-05,Älprigen,
1399,8137978f-4ec8-11e8-b038-985fd331b2ee,NULL,A51g-09,Chlitaler Firn E,
1400,df091af8-7a05-11ec-90d6-0242ac120003,NULL,A10h-01,Pischahorn W,
1401,df0a95fe-7a05-11ec-90d6-0242ac120003,NULL,A14p-09,Sur Crap,
1402,8192139e-4ec8-11e8-a683-985fd331b2ee,80,A50k-04,Glärnischfirn,glaernisch
1403,813303b0-4ec8-11e8-b797-985fd331b2ee,NULL,A51g-10,Chesselfirn,
1404,812f0c0f-4ec8-11e8-a2fd-985fd331b2ee,NULL,A51g-11,Blüemlisalpfirn,
1405,811bd230-4ec8-11e8-806c-985fd331b2ee,NULL,A51g-13,Schöntaler Firn,
1406,df0aa71a-7a05-11ec-90d6-0242ac120003,NULL,A50h-13,Chämmler,
1407,8164c20f-4ec8-11e8-9318-985fd331b2ee,263,A51c-05,Griessegen,scherhorn
1408,814ef021-4ec8-11e8-8c85-985fd331b2ee,262,A51d-21,Fellelifirn,felleli
1409,e34f1482-7a05-11ec-90d6-0242ac120003,NULL,A55b-51,Hockennorhn N,
1410,814a3530-4ec8-11e8-82b2-985fd331b2ee,261,A51d-24,Spilauifirn,spilaui
1411,81407130-4ec8-11e8-a9df-985fd331b2ee,255,A51e-08,Schwarzwasserfirn,schwarzbach
1412,816d2680-4ec8-11e8-bdd4-985fd331b2ee,74,A51c-02,Griessgletscher,griess
1413,81413480-4ec8-11e8-9c6f-985fd331b2ee,256,A51e-10,Gurschenfirn,gurschen
1414,df0a2f4c-7a05-11ec-90d6-0242ac120003,NULL,A14h-10,Fuorcla dil Git,
1415,810eb2d1-4ec8-11e8-9abb-985fd331b2ee,NULL,A51g-15,Schlittchuechen,
1416,df0b2c62-7a05-11ec-90d6-0242ac120003,NULL,A51g-21,Päuggenfurggi,
1417,813d15cf-4ec8-11e8-95be-985fd331b2ee,NULL,A51g-16,Chli Krönten E,
1418,81354da1-4ec8-11e8-84e4-985fd331b2ee,NULL,A51g-19,Chlitaler Firn W,
1419,813d8b00-4ec8-11e8-a1e4-985fd331b2ee,NULL,A51g-20,Griesbrawen,
1420,bb1d96f4-74a9-11ea-bc55-0242ac130003,NULL,A51g-23,Schlossstock,
1421,bb1e1ebc-74a9-11ea-bc55-0242ac130003,NULL,A51g-24,Schlossfirn N,
1422,8170a8f0-4ec8-11e8-90ba-985fd331b2ee,73,A51d-10,Hüfifirn,huefi
1423,812c25de-4ec8-11e8-aa13-985fd331b2ee,NULL,A51h-05,Schlossberg S,
1424,8129dbf0-4ec8-11e8-8bb8-985fd331b2ee,NULL,A51h-06,Griesshubel,
1425,81254811-4ec8-11e8-bb7d-985fd331b2ee,NULL,A51h-07,Spannortgletscher (Chli Spannort),
1426,812017ee-4ec8-11e8-b691-985fd331b2ee,NULL,A51h-08,Spannortgletscher (Bärenhorn),
1427,811876cf-4ec8-11e8-9873-985fd331b2ee,NULL,A51h-10,Grassengletscher E,
1428,81119900-4ec8-11e8-9dd1-985fd331b2ee,NULL,A51h-11,Grassengletscher W,
1429,80e6df80-4ec8-11e8-a28e-985fd331b2ee,NULL,A51h-16,Sulzli,
1430,df0b09e4-7a05-11ec-90d6-0242ac120003,NULL,A51e-64,Spitzberglücke S,
1431,8124abcf-4ec8-11e8-871f-985fd331b2ee,NULL,A51h-20,Spannortgletscher (Gross Spannort),
1432,812288f0-4ec8-11e8-9847-985fd331b2ee,NULL,A51h-21,Spannortgletscher (Chüefadpass),
1433,811c6e70-4ec8-11e8-89c4-985fd331b2ee,NULL,A51h-22,Spannortgletscher (Bärenzänd),
1434,8107fc0f-4ec8-11e8-8ba3-985fd331b2ee,NULL,A51h-23,Firnalpelifirn E,
1435,80f7a861-4ec8-11e8-a60f-985fd331b2ee,NULL,A51h-24,Galtiberggletscher S,
1436,823fb8c0-4ec8-11e8-855c-985fd331b2ee,NULL,A51h-26,Schlossfirn S,
1437,bb1e2056-74a9-11ea-bc55-0242ac130003,NULL,B45-31,Mittaghorn W,
1438,bb1de56e-74a9-11ea-bc55-0242ac130003,NULL,A51h-29,Reissend Nollen,
1439,bb1e1a2a-74a9-11ea-bc55-0242ac130003,NULL,A51h-33,Vorderes Titlisjoch,
1440,bb1d8b00-74a9-11ea-bc55-0242ac130003,NULL,A51h-34,Stotzig Egg,
1441,80e1af61-4ec8-11e8-ad18-985fd331b2ee,NULL,A54e-01,Jochgletscher W,
1442,80d97200-4ec8-11e8-9a78-985fd331b2ee,NULL,A54e-02,Mären,
1443,80ed481e-4ec8-11e8-88d9-985fd331b2ee,NULL,A54e-05,Chli Gletscherli,
1444,80f31480-4ec8-11e8-b2f3-985fd331b2ee,NULL,A54e-07,Uratgletscher,
1445,80fc1530-4ec8-11e8-8c63-985fd331b2ee,NULL,A54e-10,Obertalgletscher E,
1446,80db6dd1-4ec8-11e8-ba3c-985fd331b2ee,NULL,A54e-16,Gigligletscher,
1447,80e3ab30-4ec8-11e8-9357-985fd331b2ee,NULL,A54e-19,Vorder Tierberg (Gadmen),
1448,80dea221-4ec8-11e8-ad0c-985fd331b2ee,NULL,A54e-21,Maasplanggstock N,
1449,80e33600-4ec8-11e8-a46b-985fd331b2ee,NULL,A54e-22,Maasplanggstock S,
1450,80e7f0ee-4ec8-11e8-8fbb-985fd331b2ee,NULL,A54e-23,Wysse Nollen,
1451,813e9c70-4ec8-11e8-bda0-985fd331b2ee,67,A51e-12,St. Annafirn,sanktanna
1452,80caf311-4ec8-11e8-bbf5-985fd331b2ee,NULL,A54e-26,Trifttelti,
1453,8129189e-4ec8-11e8-9981-985fd331b2ee,136,A51e-16,Ghiacciaio di Lucendro,lucendro
1454,80ca7de1-4ec8-11e8-93bb-985fd331b2ee,NULL,A54e-27,Tobigergletscher,
1455,8104eecf-4ec8-11e8-8c20-985fd331b2ee,252,A51e-23,Muttengletscher,mutten
1456,80f49b21-4ec8-11e8-b96a-985fd331b2ee,NULL,A54e-29,Chli Titlis,
1457,df0b2d66-7a05-11ec-90d6-0242ac120003,NULL,A51g-22,Ruchen,
1458,80f5ac8f-4ec8-11e8-b96d-985fd331b2ee,NULL,A54e-30,Uratstock,
1459,80da8370-4ec8-11e8-b3d5-985fd331b2ee,NULL,A54e-34,Drosistock,
1460,813107de-4ec8-11e8-843d-985fd331b2ee,NULL,A51h-19,Schlossberg N,
1461,df0b32f2-7a05-11ec-90d6-0242ac120003,NULL,A51h-27,Hermisalp,
1462,df0b33f6-7a05-11ec-90d6-0242ac120003,NULL,A51h-30,Jochstock,
1463,80dd699e-4ec8-11e8-8161-985fd331b2ee,NULL,A54e-35,Drosigletscherli S,
1464,df0b34fa-7a05-11ec-90d6-0242ac120003,NULL,A51h-31,Steinberg,
1465,80f20311-4ec8-11e8-9260-985fd331b2ee,66,A51e-37,Tiefengletscher,tiefen
1466,810c68de-4ec8-11e8-a4bd-985fd331b2ee,NULL,A51f-46,Stössenfirn,
1467,e34f17b6-7a05-11ec-90d6-0242ac120003,NULL,A55c-10,Schwarzhorn,
1468,df0b37de-7a05-11ec-90d6-0242ac120003,NULL,A54e-32,Tierbergli,
1469,80dc7f40-4ec8-11e8-9c33-985fd331b2ee,NULL,A54e-36,Drosigletscherli N,
1470,80ce275e-4ec8-11e8-b4f0-985fd331b2ee,NULL,A54e-40,Schönhubel S,
1471,80cdb230-4ec8-11e8-a340-985fd331b2ee,NULL,A54e-41,Schönhubel W,
1472,80c6ad4f-4ec8-11e8-85d7-985fd331b2ee,NULL,A54e-42,Mährenhorn,
1473,bb1da874-74a9-11ea-bc55-0242ac130003,NULL,A54e-49,Hiner Tierberg,
1474,bb1df054-74a9-11ea-bc55-0242ac130003,NULL,A54e-44,Schattmige Stock,
1475,df0b40da-7a05-11ec-90d6-0242ac120003,NULL,A54e-48,Drosistock S,
1476,80cca0c0-4ec8-11e8-925e-985fd331b2ee,NULL,A54f-02,Gummigletscher,
1477,80cfd50f-4ec8-11e8-ad02-985fd331b2ee,NULL,A54f-03,Homadgletscher,
1478,80d182c0-4ec8-11e8-945d-985fd331b2ee,NULL,A54f-05,Diechtergletscher N,
1479,80d49000-4ec8-11e8-89b2-985fd331b2ee,NULL,A54f-06,Diechtergletscher S,
1480,80d8608f-4ec8-11e8-941b-985fd331b2ee,NULL,A54f-07,Alpligletscher,
1481,80d21f00-4ec8-11e8-97f5-985fd331b2ee,NULL,A54e-37,Schafegg E,
1482,df0b3a0e-7a05-11ec-90d6-0242ac120003,NULL,A54e-38,Schafegg W,
1483,80c6381e-4ec8-11e8-8b10-985fd331b2ee,NULL,A54e-43,Obri Gumm,
1484,80d50530-4ec8-11e8-a62b-985fd331b2ee,NULL,A54f-10,Gelmergletscher S,
1485,80d7280f-4ec8-11e8-91a5-985fd331b2ee,NULL,A54e-33,Üsseri Gadenlauiegg,
1486,80d30961-4ec8-11e8-925e-985fd331b2ee,NULL,A54f-14,Diechterhoren,
1487,df0b3ea0-7a05-11ec-90d6-0242ac120003,NULL,A54e-46,Windegghorn,
1488,df0b3fc2-7a05-11ec-90d6-0242ac120003,NULL,A54e-47,Radlefshoren,
1489,80b1eccf-4ec8-11e8-9825-985fd331b2ee,NULL,A54g-02,Löffelhorn,
1490,80a828cf-4ec8-11e8-af6c-985fd331b2ee,NULL,A54g-04,Scheuchzerhorn SE,
1491,80af069e-4ec8-11e8-8fdf-985fd331b2ee,NULL,A54g-07,Hinder Tierberg,
1492,80a73e70-4ec8-11e8-9b1b-985fd331b2ee,NULL,A54g-09,Scheuchzerhorn NE,
1493,809da180-4ec8-11e8-924a-985fd331b2ee,NULL,A54g-10,Finsteraargletscher SW,
1494,80881db0-4ec8-11e8-be26-985fd331b2ee,NULL,A54g-12,Nasse Strahlegg,
1495,80853780-4ec8-11e8-84c2-985fd331b2ee,NULL,A54g-13,Kl. Lauteraarhorn W,
1496,8086e530-4ec8-11e8-bb4b-985fd331b2ee,NULL,A54g-14,Kl. Lauteraarhorn SW,
1497,80ee598f-4ec8-11e8-8b7a-985fd331b2ee,69,A51f-13,Rotfirngletscher,rotfirn
1498,80e97791-4ec8-11e8-97b4-985fd331b2ee,68,A51f-15,Chelengletscher,kehlen
1499,808892de-4ec8-11e8-aa79-985fd331b2ee,NULL,A54g-15,Kl. Lauteraarhorn S,
1500,808cb191-4ec8-11e8-838d-985fd331b2ee,NULL,A54g-16,Lauteraarrothörner NW,
1501,808fbecf-4ec8-11e8-8bdb-985fd331b2ee,NULL,A54g-17,Lauteraarrothörner SE,
1502,8091938f-4ec8-11e8-a1f7-985fd331b2ee,NULL,A54g-18,Abschwunghorn ,
1503,808d4dcf-4ec8-11e8-bdeb-985fd331b2ee,NULL,A54g-19,Östl. Ankebälliluecke W,
1504,8106ea9e-4ec8-11e8-b42d-985fd331b2ee,137,A51f-23,Flachensteinfirn,schiessbach
1505,810786de-4ec8-11e8-bd45-985fd331b2ee,71,A51f-24,Wallenburfirn,wallenbur
1506,80931a2e-4ec8-11e8-a4a0-985fd331b2ee,NULL,A54g-20,Östl. Ankebälliluecke S,
1507,80a93a40-4ec8-11e8-b6f6-985fd331b2ee,NULL,A54g-21,Hinder Triftgletscher  W,
1508,8126a79e-4ec8-11e8-a86c-985fd331b2ee,138,A51f-32,Kartigelfirn,kartigel
1509,80cf38cf-4ec8-11e8-97b5-985fd331b2ee,NULL,A54f-04,Ofenhoren,
1510,80d7c44f-4ec8-11e8-9aa8-985fd331b2ee,NULL,A54f-08,Alpli,
1511,80d37e91-4ec8-11e8-8372-985fd331b2ee,NULL,A54f-12,Gärstengrat S,
1512,80cec39e-4ec8-11e8-a494-985fd331b2ee,NULL,A54f-13,Üssri Garwydilimi,
1513,80adf530-4ec8-11e8-bdae-985fd331b2ee,NULL,A54g-33,Roossehörner NE,
1514,80abf961-4ec8-11e8-932a-985fd331b2ee,NULL,A54g-34,Roossehörner N,
1515,df0b4300-7a05-11ec-90d6-0242ac120003,NULL,A54f-15,Obrist Diechter,
1516,df0b4418-7a05-11ec-90d6-0242ac120003,NULL,A54g-01,Geschinerstock,
1517,bb1dbdb4-74a9-11ea-bc55-0242ac130003,NULL,A10g-24,Egghornlücke,
1518,bb1e23f8-74a9-11ea-bc55-0242ac130003,NULL,A13k-02,Lattenhorn,
1519,819017cf-4ec8-11e8-a556-985fd331b2ee,NULL,A14n-12,Durschin E,
1520,819e96c0-4ec8-11e8-a93a-985fd331b2ee,NULL,A14n-13,Bifertenstock E,
1521,7abb37b6-74d0-11ea-bc55-0242ac130003,NULL,A15b-13,Helltobel,
1522,812743e1-4ec8-11e8-9423-985fd331b2ee,160,A51f-52,Rossfirn,ross
1523,bb1da9f0-74a9-11ea-bc55-0242ac130003,NULL,A50i-35,Gämsalpeli,
1524,bb1dc868-74a9-11ea-bc55-0242ac130003,NULL,A50j-08,Euloch,
1525,bb1daf36-74a9-11ea-bc55-0242ac130003,NULL,A51c-03,Chli Schärhorn,
1526,bb1de730-74a9-11ea-bc55-0242ac130003,NULL,A51d-41,Halsigrat,
1527,bb1dfe82-74a9-11ea-bc55-0242ac130003,NULL,A51e-53,Hüenderstock E,
1528,bb1da522-74a9-11ea-bc55-0242ac130003,NULL,A51e-77,Hüenderstock N,
1529,80eb4c4f-4ec8-11e8-bbed-985fd331b2ee,NULL,A51f-14,Eggstock,
1530,bb1dcb6a-74a9-11ea-bc55-0242ac130003,NULL,A51h-28,Hinter Schloss,
1531,bb1e06de-74a9-11ea-bc55-0242ac130003,NULL,A10g-04,Silvrettahorn,
1532,bb1db7d8-74a9-11ea-bc55-0242ac130003,NULL,A10g-27,Verstanclachöpf,
1533,81dd7480-4ec8-11e8-a3b9-985fd331b2ee,303,A12g-04,Vadret digl Ela,ela
1534,e34f18c4-7a05-11ec-90d6-0242ac120003,NULL,A55c-17,Felshore,
1535,81bd6961-4ec8-11e8-8667-985fd331b2ee,295,A14p-05,Glaserhorn,lavadignas
1536,7f810dee-4ec8-11e8-becd-985fd331b2ee,NULL,A55c-26,Stäghore,
1537,818cbc70-4ec8-11e8-b91b-985fd331b2ee,286,A14f-09,Glatscher dalla Greina,greina
1538,81893a00-4ec8-11e8-850c-985fd331b2ee,288,A14n-05,Glatscher da Frisal,frisal
1539,81a1f21e-4ec8-11e8-9562-985fd331b2ee,289,A14n-08,Glatscher da Gavirolas,gavirolas
1540,81bca60f-4ec8-11e8-a550-985fd331b2ee,309,A15b-02,Glasergletscher,glaser
1541,817c68c0-4ec8-11e8-accc-985fd331b2ee,270,A50i-21,Langfirn,langfirn
1542,81c9774f-4ec8-11e8-8bb6-985fd331b2ee,304,A12l-03,Vadret da Piz Platta,platta
1543,814cf451-4ec8-11e8-bf0e-985fd331b2ee,277,A14i-04,Glatscher da Maighels E,maighels
1544,81a833b0-4ec8-11e8-a77f-985fd331b2ee,291,A14n-11,Glatscher da Mer,mer
1545,812e6fcf-4ec8-11e8-bdf6-985fd331b2ee,139,A51g-05,Glatt Firn,schlossberg
1546,e34f1bbc-7a05-11ec-90d6-0242ac120003,NULL,A55c-29,Schwarzgrat,
1547,815cabc0-4ec8-11e8-b3b0-985fd331b2ee,72,A51d-15,Brunnifirn,brunni
1548,80f425f0-4ec8-11e8-81a5-985fd331b2ee,70,A51f-10,Dammagletscher,damma
1549,e34f1cc0-7a05-11ec-90d6-0242ac120003,NULL,A55d-01,Gross Loner,
1550,e34f1dc4-7a05-11ec-90d6-0242ac120003,NULL,A55d-03,Tierhöri,
1551,e34f1ebe-7a05-11ec-90d6-0242ac120003,NULL,A55d-06,Vordere Loner,
1552,817e1670-4ec8-11e8-be98-985fd331b2ee,264,A50i-13,Glarner Tödi N,toedi
1553,8168e0c0-4ec8-11e8-ac4a-985fd331b2ee,260,A51d-13,Tschingelfirn (Düssi),tschingeldoessi
1554,bb1e0d14-74a9-11ea-bc55-0242ac130003,NULL,A12g-02,Piz Laviner N,
1555,bb1e0ada-74a9-11ea-bc55-0242ac130003,NULL,A12h-02,Piz d'Uglix,
1556,81f51b30-4ec8-11e8-b578-985fd331b2ee,88,A12e-04,Vadret da Porchabella,porchabella
1557,81a65ef0-4ec8-11e8-b44e-985fd331b2ee,86,A13n-06,Paradiesgletscher,paradies
1558,821610ae-4ec8-11e8-a4cf-985fd331b2ee,90,A10g-05,Silvrettagletscher,silvretta
1559,81bc30de-4ec8-11e8-bce8-985fd331b2ee,144,A13k-03,Tambogletscher,tambo
1560,bb1d8bbe-74a9-11ea-bc55-0242ac130003,NULL,A12k-02,Piz Lagrev,
1561,df097f16-7a05-11ec-90d6-0242ac120003,NULL,A12k-01,Piz Forcellina,
1562,81f08751-4ec8-11e8-8c30-985fd331b2ee,145,A12e-07,Vadret Üertsch,uertsch
1563,81b8875e-4ec8-11e8-a699-985fd331b2ee,85,A14p-01,Vorabgletscher,vorab
1564,810fc440-4ec8-11e8-a912-985fd331b2ee,135,A51e-20,Witenwasserengletscher,witenwasseren
1565,df0987f4-7a05-11ec-90d6-0242ac120003,NULL,A12l-06,Tällifurgga,
1566,bb1e0ba2-74a9-11ea-bc55-0242ac130003,NULL,A12l-05,Piz Platta N,
1567,df0b4d46-7a05-11ec-90d6-0242ac120003,NULL,A54g-36,Scheuchzerhorn SW,
1568,df0b4e54-7a05-11ec-90d6-0242ac120003,NULL,A54g-37,Schafalp W,
1569,df0b4fe4-7a05-11ec-90d6-0242ac120003,NULL,A54g-38,Schafalp,
1570,df0b523c-7a05-11ec-90d6-0242ac120003,NULL,A54g-39,Schafalp E,
1571,811edf70-4ec8-11e8-a13c-985fd331b2ee,76,A51h-02,Griessengletscher,griessen
1572,e34f218e-7a05-11ec-90d6-0242ac120003,NULL,A55d-07,Mittaghore,
1573,e34f2292-7a05-11ec-90d6-0242ac120003,NULL,A55f-02,Lämmerejoch,
1574,e34f25a8-7a05-11ec-90d6-0242ac120003,NULL,A55f-09,Westgrat,
1575,df0b5368-7a05-11ec-90d6-0242ac120003,NULL,A54g-40,Vorder Zinggestock,
1576,df0b5520-7a05-11ec-90d6-0242ac120003,NULL,A54g-41,Desorstock E,
1577,df0b5624-7a05-11ec-90d6-0242ac120003,NULL,A54g-42,Desorstock W,
1578,df0b5796-7a05-11ec-90d6-0242ac120003,NULL,A54g-44,Escherhorn E,
1579,80fead40-4ec8-11e8-ba26-985fd331b2ee,140,A51h-14,Firnalpeligletscher,firnalpeliwest
1580,80f3b0c0-4ec8-11e8-b75d-985fd331b2ee,368,A51h-15,Titlisgletscher,titlis
1581,df0b58a4-7a05-11ec-90d6-0242ac120003,NULL,A54g-46,Scheuchzerhorn NW,
1582,df0b5b60-7a05-11ec-90d6-0242ac120003,NULL,A54g-51,Abschwungchälen,
1583,df0b5cfa-7a05-11ec-90d6-0242ac120003,NULL,A54g-53,Kleines Lauteraarhorn NE,
1584,df0b5dfe-7a05-11ec-90d6-0242ac120003,NULL,A54g-54,Kleines Lauteraarhorn N,
1585,8093dd80-4ec8-11e8-a417-985fd331b2ee,NULL,A54g-55,Ewigschneehoren W,
1586,df0b5f02-7a05-11ec-90d6-0242ac120003,NULL,A54g-62,Triftbach,
1587,80b2890f-4ec8-11e8-8d7c-985fd331b2ee,NULL,A54g-63,Bächlistock S,
1588,80b40fb0-4ec8-11e8-a9f0-985fd331b2ee,NULL,A54g-64,Fellenberglicken,
1589,df0b6088-7a05-11ec-90d6-0242ac120003,NULL,A54g-65,Brandlammhoren,
1590,80c54dc0-4ec8-11e8-a0ac-985fd331b2ee,NULL,A54g-66,Juchlistock,
1591,80c4b180-4ec8-11e8-b12d-985fd331b2ee,NULL,A54g-67,Brünberg NE,
1592,80c06bc0-4ec8-11e8-b29d-985fd331b2ee,NULL,A54g-68,Brünberg NW,
1593,df0b629a-7a05-11ec-90d6-0242ac120003,NULL,A54g-70,Hinder Zinggestock,
1594,df0b643e-7a05-11ec-90d6-0242ac120003,NULL,A54g-71,Hinder Trift,
1595,8191022e-4ec8-11e8-9043-985fd331b2ee,NULL,A14m-11,Tumpiv NE,
1596,81633b70-4ec8-11e8-902a-985fd331b2ee,NULL,A51c-07,Sattelhoren,
1597,80fd26a1-4ec8-11e8-905e-985fd331b2ee,369,A54e-06,Wendengletscher,wenden
1598,80f53761-4ec8-11e8-9c75-985fd331b2ee,NULL,A51e-27,Muttenstöck,
1599,80f0a380-4ec8-11e8-ab46-985fd331b2ee,NULL,A51f-12,Mässplanggstock,
1600,8119af51-4ec8-11e8-8349-985fd331b2ee,NULL,A51f-27,Zenden,
1601,80f6be00-4ec8-11e8-85b0-985fd331b2ee,53,A54e-12,Steigletscher,stein
1602,81ce5951-4ec8-11e8-a737-985fd331b2ee,298,A13e-03,Piotgletscher,piot
1603,80df8c80-4ec8-11e8-b3e5-985fd331b2ee,NULL,A54e-15,Taleggligletscher,
1604,80a8c511-4ec8-11e8-b78d-985fd331b2ee,NULL,A54g-45,Escherhorn,
1605,809e8bde-4ec8-11e8-bab0-985fd331b2ee,NULL,A54g-47,Finsteraargletscher NE,
1606,808ed470-4ec8-11e8-afd8-985fd331b2ee,NULL,A54g-48,Studerhorn,
1607,808648f0-4ec8-11e8-b43e-985fd331b2ee,NULL,A54g-49,Studergletscher,
1608,809256e1-4ec8-11e8-9ecd-985fd331b2ee,NULL,A54g-52,Lauteraargletscher S,
1609,8099d0f0-4ec8-11e8-8a6f-985fd331b2ee,NULL,A54g-56,Ewigschneehorn S,
1610,80dc0a0f-4ec8-11e8-99e8-985fd331b2ee,55,A54e-24,Triftgletscher (BE),trift
1611,80a4a65e-4ec8-11e8-8822-985fd331b2ee,NULL,A54g-57,Miselen,
1612,80aa72c0-4ec8-11e8-bdc4-985fd331b2ee,NULL,A54g-58,Hubelhoren,
1613,df0b6556-7a05-11ec-90d6-0242ac120003,NULL,A54g-72,Oberaarjoch,
1614,80c21970-4ec8-11e8-a01d-985fd331b2ee,NULL,A54h-01,Alplistock NE,
1615,80c10800-4ec8-11e8-afef-985fd331b2ee,NULL,A54h-02,Alplistock W,
1616,80b93fcf-4ec8-11e8-822d-985fd331b2ee,NULL,A54h-05,Golegg-Gletscher,
1617,80b54830-4ec8-11e8-8761-985fd331b2ee,NULL,A54h-08,Schaflägersteck,
1618,80b6a7c0-4ec8-11e8-aada-985fd331b2ee,NULL,A54h-09,Gröebenjoch,
1619,80bc7421-4ec8-11e8-96fd-985fd331b2ee,NULL,A54h-11,Wiissenbachgletscher N,
1620,80b177a1-4ec8-11e8-af88-985fd331b2ee,NULL,A54i-01,Hiendertelltihorn,
1621,80b08d40-4ec8-11e8-8d5c-985fd331b2ee,NULL,A54i-02,Hiendertellti,
1622,80ab8430-4ec8-11e8-8d81-985fd331b2ee,NULL,A54i-03,Grienbärgligletscher,
1623,809ae261-4ec8-11e8-8170-985fd331b2ee,NULL,A54i-06,Ewigschneehorn E,
1624,80a6c940-4ec8-11e8-9878-985fd331b2ee,NULL,A54i-11,Hangendgletscherhorn N,
1625,80b8caa1-4ec8-11e8-a04a-985fd331b2ee,NULL,A54i-13,Steinlauihorn NW,
1626,80b82e5e-4ec8-11e8-9e27-985fd331b2ee,NULL,A54i-14,Steinlauenen,
1627,80b4abee-4ec8-11e8-bc01-985fd331b2ee,NULL,A54i-17,Gruebejoch N,
1628,80b39a80-4ec8-11e8-9459-985fd331b2ee,NULL,A54i-18,Gruebejoch W,
1629,8094c7e1-4ec8-11e8-a0a9-985fd331b2ee,NULL,A54i-22,Ränfenjoch,
1630,809fc461-4ec8-11e8-9821-985fd331b2ee,NULL,A54i-25,Augstgumm W,
1631,809e16ae-4ec8-11e8-a93d-985fd331b2ee,NULL,A54j-01,Ochsental,
1632,8082ed8f-4ec8-11e8-ae59-985fd331b2ee,NULL,A54j-03,Hengsterengletscher,
1633,807e32a1-4ec8-11e8-8f72-985fd331b2ee,NULL,A54j-04,Ahornisboden,
1634,8080075e-4ec8-11e8-807a-985fd331b2ee,NULL,A54j-08,Wetterhorn,
1635,807c84ee-4ec8-11e8-8f0d-985fd331b2ee,NULL,A54j-09,Scheideggwetterhorn,
1636,8079c5cf-4ec8-11e8-8e25-985fd331b2ee,NULL,A54l-03,Chrinnengletscher,
1637,80d41acf-4ec8-11e8-8a97-985fd331b2ee,161,A54f-11,Gärstengletscher,gaersten
1638,e34f238c-7a05-11ec-90d6-0242ac120003,NULL,A55f-22,Schnidehore E ,
1639,80ca08b0-4ec8-11e8-8e55-985fd331b2ee,234,A54f-01,Wysse Schjien W,wysseshjien
1640,80a14b00-4ec8-11e8-ade9-985fd331b2ee,50,A54g-03,Oberaargletscher,oberaar
1641,81b9bfde-4ec8-11e8-92e2-985fd331b2ee,308,A15b-04,Sardonagletscher,sardonasued
1642,df0960da-7a05-11ec-90d6-0242ac120003,302,A12f-05,La Piramida,dancler 
1643,806be31e-4ec8-11e8-b74c-985fd331b2ee,NULL,A54l-06,Wächselgletscher (Mättenberg),
1644,8070c51e-4ec8-11e8-9bee-985fd331b2ee,NULL,A54l-08,Ankenbälli,
1645,80738440-4ec8-11e8-9c98-985fd331b2ee,NULL,A54l-09,Klein Schreckhorn,
1646,80a394ee-4ec8-11e8-984c-985fd331b2ee,51,A54g-11,Unteraargletscher,unteraar
1647,80777bde-4ec8-11e8-9a6f-985fd331b2ee,NULL,A54l-10,Nässigletscher,
1648,8079509e-4ec8-11e8-a152-985fd331b2ee,NULL,A54l-11,Nässihorn,
1649,bb1dc322-74a9-11ea-bc55-0242ac130003,NULL,A54k-05,Gärstenlücke,
1650,807b9a91-4ec8-11e8-b98e-985fd331b2ee,NULL,A54l-12,Schreckhorn,
1651,807ecede-4ec8-11e8-9440-985fd331b2ee,NULL,A54l-14,Schreckfirn,
1652,8068399e-4ec8-11e8-b010-985fd331b2ee,NULL,A54l-16,Pfaffestecki SW,
1653,80663dcf-4ec8-11e8-a473-985fd331b2ee,NULL,A54l-17,Grosses Fiescherhorn,
1654,bb1dc264-74a9-11ea-bc55-0242ac130003,NULL,A54l-20,Eiger Gipfel,
1655,80807c8f-4ec8-11e8-8214-985fd331b2ee,NULL,A54l-22,Nässijoch,
1656,bb1da068-74a9-11ea-bc55-0242ac130003,NULL,B46-18,Ritterpass,
1657,80713a4f-4ec8-11e8-9725-985fd331b2ee,NULL,A54l-23,Wächselgletscher,
1658,806c584f-4ec8-11e8-a72e-985fd331b2ee,NULL,A54l-24,Mättenberg N,
1659,8068aecf-4ec8-11e8-b6d4-985fd331b2ee,NULL,A54l-25,Mättenberg NW,
1660,807d4840-4ec8-11e8-ae14-985fd331b2ee,NULL,A54l-28,Strahlegghorn W,
1661,807f440f-4ec8-11e8-bdf8-985fd331b2ee,NULL,A54l-30,Alte Strahlegg,
1662,806a3570-4ec8-11e8-af8c-985fd331b2ee,NULL,A54l-32,Pfaffestecki N,
1663,8066b300-4ec8-11e8-be57-985fd331b2ee,NULL,A54l-34,Fiescherwand,
1664,80537921-4ec8-11e8-800e-985fd331b2ee,NULL,A54l-37,Eiger SE,
1665,df0b816c-7a05-11ec-90d6-0242ac120003,NULL,A54l-35,Grosses-Fiescherhorn E,
1666,bb1dc0de-74a9-11ea-bc55-0242ac130003,NULL,A54l-43,Mittelegi N,
1667,df0b94b8-7a05-11ec-90d6-0242ac120003,NULL,A54l-54,Beesibärgli,
1668,df0b95c6-7a05-11ec-90d6-0242ac120003,NULL,A54l-55,Schreckhornhütte SAC,
1669,df0b9db4-7a05-11ec-90d6-0242ac120003,NULL,A54m-25,Eiger S ,
1670,7abb3a22-74d0-11ea-bc55-0242ac130003,NULL,A54l-49,Eiger Nordwand E,
1671,bb1dc1a6-74a9-11ea-bc55-0242ac130003,NULL,A54l-50,Eiger Nordwand W,
1672,81a0928f-4ec8-11e8-bb21-985fd331b2ee,79,A50i-02,Hinter Sulzfirn,sulz
1673,8041ecf0-4ec8-11e8-a7ff-985fd331b2ee,NULL,A54m-04,Mönchplateau,
1674,80317230-4ec8-11e8-9a41-985fd331b2ee,NULL,A54m-07,Silberhorngletscher,
1675,803060c0-4ec8-11e8-9512-985fd331b2ee,NULL,A54m-08,Goldenhoren,
1676,8029d111-4ec8-11e8-9722-985fd331b2ee,NULL,A54m-09,Bäreflue,
1677,803edfb0-4ec8-11e8-9496-985fd331b2ee,NULL,A54m-11,Rottalhorn,
1678,802c4211-4ec8-11e8-862c-985fd331b2ee,NULL,A54m-14,Äbeni Flue-Joch N,
1679,8011670f-4ec8-11e8-97cb-985fd331b2ee,NULL,A54m-16,Hindra Schmadrigletscher,
1680,8102cbf0-4ec8-11e8-84bd-985fd331b2ee,75,A51h-13,Firnalpelifirn,firnalpeli
1681,800ecf00-4ec8-11e8-8efc-985fd331b2ee,NULL,A54m-18,Obere Breithorngletscher,
1682,7ff5c8c0-4ec8-11e8-9ee4-985fd331b2ee,NULL,A54m-22,Tschingelgrat,
1683,80440fcf-4ec8-11e8-841d-985fd331b2ee,NULL,A54m-24,Rotstock S,
1684,804632b0-4ec8-11e8-ab27-985fd331b2ee,NULL,A54m-26,Nollengletscher (BE),
1685,80432570-4ec8-11e8-8643-985fd331b2ee,NULL,A54m-27,Chielouwenenlgetscher,
1686,bb1dfbd0-74a9-11ea-bc55-0242ac130003,NULL,A54m-29,Chielouwena,
1687,802eda21-4ec8-11e8-bf86-985fd331b2ee,NULL,A54m-30,Rotbrätthoren,
1688,8030d5f0-4ec8-11e8-b350-985fd331b2ee,NULL,A54m-33,Silberlouwena,
1689,8038ec40-4ec8-11e8-ba32-985fd331b2ee,NULL,A54m-34,Hochfirn S,
1690,80408d61-4ec8-11e8-a67f-985fd331b2ee,NULL,A54m-37,Louwihorn,
1691,803ff121-4ec8-11e8-8405-985fd331b2ee,NULL,A54m-38,Gletscherhorn,
1692,803ce3e1-4ec8-11e8-be1e-985fd331b2ee,NULL,A54m-39,Gletscherhornfirn,
1693,802a4640-4ec8-11e8-906b-985fd331b2ee,NULL,A54m-41,Breitlouwenengletscher N,
1694,802208de-4ec8-11e8-8904-985fd331b2ee,NULL,A54m-44,Mittaghorn,
1695,80227e0f-4ec8-11e8-a60c-985fd331b2ee,NULL,A54m-45,Breitlouwenengletscher S,
1696,80162200-4ec8-11e8-bd2f-985fd331b2ee,NULL,A54m-46,Brunnenhoren,
1697,7fef601e-4ec8-11e8-a894-985fd331b2ee,NULL,A54m-51,Tschingel W,
1698,7ff37ecf-4ec8-11e8-9225-985fd331b2ee,NULL,A54m-52,Tschingel E,
1699,7ff44221-4ec8-11e8-8072-985fd331b2ee,NULL,A54m-53,Hindrists Busental,
1700,817f9d11-4ec8-11e8-aa56-985fd331b2ee,268,A50i-16,Vorderer Rötifirn,vorderroeti 
1701,e34f27a6-7a05-11ec-90d6-0242ac120003,NULL,A56d-03,Hahneschritthore,
1702,e34f28b4-7a05-11ec-90d6-0242ac120003,NULL,A56d-07,Arpelihore,
1703,80bbfef0-4ec8-11e8-8330-985fd331b2ee,229,A54h-06,Ärlengletscher,aerlen
1704,80be6ff0-4ec8-11e8-9841-985fd331b2ee,230,A54h-07,Wiissenbachgletscher,wiisenbach
1705,80a6540f-4ec8-11e8-b95e-985fd331b2ee,232,A54i-08,Hangend Gletscher (BE),hangend
1706,80694b0f-4ec8-11e8-8cf0-985fd331b2ee,236,A54j-05,Blau Gletscherli,blau
1707,e34f2d82-7a05-11ec-90d6-0242ac120003,NULL,A56d-08,Stigelschafberg,
1708,7feaf34f-4ec8-11e8-ad34-985fd331b2ee,NULL,A54m-55,Tschingelspitz,
1709,7fe8d070-4ec8-11e8-a033-985fd331b2ee,NULL,A54m-57,Gspaltenhorn,
1710,806b46de-4ec8-11e8-86b8-985fd331b2ee,NULL,A54l-33,Ochs,
1711,7fe6d49e-4ec8-11e8-84bc-985fd331b2ee,NULL,A54m-59,Bütlasse SE,
1712,7fe85b40-4ec8-11e8-b6a8-985fd331b2ee,NULL,A54m-60,Jegihoren,
1713,bb1d9262-74a9-11ea-bc55-0242ac130003,NULL,B46-24,Huwetz W,
1714,bb1e326c-74a9-11ea-bc55-0242ac130003,NULL,A54l-57,Wettersattel,
1715,806e541e-4ec8-11e8-a98d-985fd331b2ee,NULL,A54l-15,Pfaffestecki NE,
1716,807dbd70-4ec8-11e8-8a53-985fd331b2ee,NULL,A54l-29,Strahlegghorn SW,
1717,7fd87cc0-4ec8-11e8-9247-985fd331b2ee,NULL,A55a-06,Morgenhorngletscher,
1718,7fe01de1-4ec8-11e8-93a0-985fd331b2ee,NULL,A55a-09,Augstchummi,
1719,7fe5c330-4ec8-11e8-9529-985fd331b2ee,NULL,A55a-10,Roti Zend,
1720,7fdc4d4f-4ec8-11e8-8416-985fd331b2ee,NULL,A55a-15,Morgenhorn ,
1721,7fd8f1f0-4ec8-11e8-9a53-985fd331b2ee,NULL,A55a-16,Wildi Frau SW,
1722,7fd0b48f-4ec8-11e8-a02b-985fd331b2ee,NULL,A55b-05,Undere Oeschinengletscher,
1723,7fce1c80-4ec8-11e8-9978-985fd331b2ee,NULL,A55b-06,Fründenhorn NW,
1724,80b5bd5e-4ec8-11e8-88fd-985fd331b2ee,228,A54h-04,Gruebengletscher,grueben
1725,7fcc6ed1-4ec8-11e8-8751-985fd331b2ee,NULL,A55b-07,Fründengletscher,
1726,7fc32000-4ec8-11e8-b954-985fd331b2ee,NULL,A55b-08,Doldenhorngletscher E,
1727,7fbb7ee1-4ec8-11e8-bdd1-985fd331b2ee,NULL,A55b-10,Fulegletscher,
1728,7fd0184f-4ec8-11e8-829d-985fd331b2ee,NULL,A55b-12,Fründenhorn SE,
1729,7fd76b51-4ec8-11e8-b850-985fd331b2ee,NULL,A55b-14,Birggletscher S,
1730,7fc283c0-4ec8-11e8-8fe5-985fd331b2ee,NULL,A55b-15,Kleinhockenhorn,
1731,7fb2a540-4ec8-11e8-9507-985fd331b2ee,NULL,A55b-17,Wildelsigen,
1732,7fbd2c8f-4ec8-11e8-805a-985fd331b2ee,NULL,A55b-21,Doldenhorngletscher W,
1733,7fc988a1-4ec8-11e8-8597-985fd331b2ee,NULL,A55b-24,Doldenhorn ,
1734,80905b0f-4ec8-11e8-8e80-985fd331b2ee,52,A54i-05,Gauligletscher,gauli
1735,7fcbd28f-4ec8-11e8-a268-985fd331b2ee,NULL,A55b-25,Fründenjoch,
1736,7fd2b05e-4ec8-11e8-9b9e-985fd331b2ee,NULL,A55b-26,Oeschinenjoch,
1737,809d0540-4ec8-11e8-b34a-985fd331b2ee,134,A54i-10,Ränfengletscher,renfen
1738,7fd5e4ae-4ec8-11e8-8c01-985fd331b2ee,NULL,A55b-27,Blüemlisalphorn,
1739,7fda0361-4ec8-11e8-aef2-985fd331b2ee,NULL,A55b-28,Wyssi Frau,
1740,7fd7e080-4ec8-11e8-9bc6-985fd331b2ee,NULL,A55b-30,Birggletscher,
1741,7fd659de-4ec8-11e8-b0b2-985fd331b2ee,NULL,A55b-31,Elwertätsch,
1742,7fd54870-4ec8-11e8-a7b9-985fd331b2ee,NULL,A55b-32,Tennbachlücke,
1743,7fd3c1cf-4ec8-11e8-97d6-985fd331b2ee,NULL,A55b-33,Witefad Grabe W,
1744,7fd34c9e-4ec8-11e8-a8e0-985fd331b2ee,NULL,A55b-34,Sackhorn,
1745,7fcfa31e-4ec8-11e8-b77d-985fd331b2ee,NULL,A55b-35,Märbiglücke,
1746,e34f1180-7a05-11ec-90d6-0242ac120003,NULL,A55b-46,Altels E,
1747,808bee40-4ec8-11e8-ad08-985fd331b2ee,56,A54j-02,Rosenlouwigletscher,rosenlaui
1748,7fa8ba2e-4ec8-11e8-b531-985fd331b2ee,NULL,A55b-43,Ober Tatelishorn SE,
1749,bb1da932-74a9-11ea-bc55-0242ac130003,NULL,A55b-48,Witefad Grabe E,
1750,bb1dfdba-74a9-11ea-bc55-0242ac130003,NULL,A55b-50,Hohwide W,
1751,7fa6be61-4ec8-11e8-972f-985fd331b2ee,NULL,A55c-01,Ober Tatelishorn E,
1752,7f8c3180-4ec8-11e8-bf7c-985fd331b2ee,NULL,A55c-09,Daubenhorngletscher,
1753,7fa9a48f-4ec8-11e8-820d-985fd331b2ee,NULL,A55c-18,Altels SE,
1754,8085acb0-4ec8-11e8-802e-985fd331b2ee,57,A54l-04,Oberer Grindelwaldgletscher,obgrindelwald
1755,7fa055c0-4ec8-11e8-b711-985fd331b2ee,NULL,A55c-19,Rinderhorn,
1756,807a620f-4ec8-11e8-a45b-985fd331b2ee,370,A54l-02,Gutzgletscher,gutz
1757,e34f2e90-7a05-11ec-90d6-0242ac120003,NULL,A56e-01,Sanetschhore,
1758,e34f2f9e-7a05-11ec-90d6-0242ac120003,NULL,A56e-02,Dent Blanche,
1759,805dd95e-4ec8-11e8-a0e0-985fd331b2ee,237,A54l-38,Challfirn,challi
1760,804cc25e-4ec8-11e8-a91d-985fd331b2ee,379,A54m-02,Eiger W,eigerwest
1761,80644200-4ec8-11e8-aa15-985fd331b2ee,58,A54l-19,Unterer Grindelwaldgletscher,untgrindelwald
1762,8039fdb0-4ec8-11e8-af10-985fd331b2ee,244,A54m-10,Hochfirn,hochfirn
1763,7fee0091-4ec8-11e8-a42c-985fd331b2ee,245,A54m-56,Chilchbalm,chilch
1764,807495b0-4ec8-11e8-b651-985fd331b2ee,NULL,A54l-31,Ischmeer,ischmeer
1765,7f7d6470-4ec8-11e8-abc9-985fd331b2ee,NULL,A55c-25,Grosstrubel SW,
1766,8238daf0-4ec8-11e8-b6e2-985fd331b2ee,NULL,A55c-27,Wildstrubel N,
1767,82395021-4ec8-11e8-ba20-985fd331b2ee,NULL,A55c-28,Wildstrubel NE,
1768,7f6b3c00-4ec8-11e8-98d9-985fd331b2ee,NULL,A55f-05,Wysshorengletscher,
1769,7f73a070-4ec8-11e8-a9b5-985fd331b2ee,NULL,A55f-07,Ammertegletscher W,
1770,bb1ddf2e-74a9-11ea-bc55-0242ac130003,NULL,A55f-06,Totetäli,
1771,7fd129c0-4ec8-11e8-816c-985fd331b2ee,NULL,A55b-04,Obere Oeschinengletscher,
1772,7fc78ccf-4ec8-11e8-9ce0-985fd331b2ee,NULL,A55b-39,Kleinhockehorn N,
1773,e34f0e92-7a05-11ec-90d6-0242ac120003,NULL,A55b-41,Wildelsigegrat,
1774,e34f5f46-7a05-11ec-90d6-0242ac120003,NULL,B30-16,Rote Tätsch,
1775,e34f6306-7a05-11ec-90d6-0242ac120003,NULL,B30-19,Üsser Talgletscher,
1776,e34f6414-7a05-11ec-90d6-0242ac120003,NULL,B30-22,Inner Talgletscher,
1777,bb1e0ea4-74a9-11ea-bc55-0242ac130003,NULL,B21-07,Glacier de la Tchiffa,
1778,804dd3cf-4ec8-11e8-a72a-985fd331b2ee,59,A54m-03,Eigergletscher,eiger
1779,bb1ddaec-74a9-11ea-bc55-0242ac130003,NULL,B23-01,Combe des Andins,
1780,804177c0-4ec8-11e8-8849-985fd331b2ee,238,A54m-05,Guggigletscher,guggi
1781,8036f070-4ec8-11e8-8bee-985fd331b2ee,240,A54m-06,Giessengletscher,giesen
1782,bb1ddccc-74a9-11ea-bc55-0242ac130003,NULL,B23-02,Rawilhorn,
1783,bb1e26f0-74a9-11ea-bc55-0242ac130003,NULL,B30-26,Tennbachgletscher,
1784,bb1e257e-74a9-11ea-bc55-0242ac130003,NULL,B30-27,Tellingletscher S,
1785,bb1e263c-74a9-11ea-bc55-0242ac130003,NULL,B30-28,Tellingletscher W,
1786,8035df00-4ec8-11e8-b025-985fd331b2ee,243,A54m-12,Rottalgletscher (BE),rottal
1787,80253d30-4ec8-11e8-a760-985fd331b2ee,239,A54m-13,Breitlouwenengletscher,breitlouwenen
1788,bb1df5c2-74a9-11ea-bc55-0242ac130003,NULL,B31-13,Vordri Jegi,
1789,801ab5e1-4ec8-11e8-9e39-985fd331b2ee,242,A54m-15,Vordra Schmadrigletscher,schmadri
1790,e34f4128-7a05-11ec-90d6-0242ac120003,NULL,B17-06,Pointe des Encrennes,
1791,bb1df432-74a9-11ea-bc55-0242ac130003,NULL,B31-27,Breithorn E,
1792,bb1df4fa-74a9-11ea-bc55-0242ac130003,NULL,B31-28,Breithorn S,
1793,8234e34f-4ec8-11e8-a67f-985fd331b2ee,NULL,B30-03,Ferdenrothorn,
1794,7fea570f-4ec8-11e8-94b8-985fd331b2ee,60,A54m-21,Tschingelgletscher,tschingel
1795,bb1d9b22-74a9-11ea-bc55-0242ac130003,NULL,B36-58,Zenbächenhorn N,
1796,bb1e054e-74a9-11ea-bc55-0242ac130003,NULL,B40-17,Finsteraarrothorn W,
1797,bb1dfffe-74a9-11ea-bc55-0242ac130003,NULL,B40-21,Wasenhorn NW,
1798,bb1dfb08-74a9-11ea-bc55-0242ac130003,NULL,B40-22,Setzehorn,
1799,e34fc300-7a05-11ec-90d6-0242ac120003,NULL,B44-31,Mittelgipfel,
1800,bb1e1d36-74a9-11ea-bc55-0242ac130003,NULL,B43-12,Tiertälli,
1801,7f7dd99e-4ec8-11e8-8cd3-985fd331b2ee,NULL,A55d-08,Grosstrubel NE,
1802,e34faf82-7a05-11ec-90d6-0242ac120003,NULL,B41-06,Heji Zwächte,
1803,807ad740-4ec8-11e8-8f59-985fd331b2ee,NULL,B40-06,Triftgletscher (Fieschertal),
1804,bb1d955a-74a9-11ea-bc55-0242ac130003,NULL,B46-48,Huwetz E,
1805,bb1da3a6-74a9-11ea-bc55-0242ac130003,NULL,B51-11,Lagginhorngletscher,
1806,bb1dd5b0-74a9-11ea-bc55-0242ac130003,NULL,B52-14,Grosställi,
1807,e3502200-7a05-11ec-90d6-0242ac120003,NULL,B47-10,Bortelgtescher S,
1808,e3509794-7a05-11ec-90d6-0242ac120003,NULL,B52-56,Mälligagletscher S,
1809,bb1dd8da-74a9-11ea-bc55-0242ac130003,NULL,B52-73,Portjenhorn,
1810,e3507160-7a05-11ec-90d6-0242ac120003,NULL,B52-34,Egginer NE,
1811,e3507250-7a05-11ec-90d6-0242ac120003,NULL,B52-35,Steintälli,
1812,e3507426-7a05-11ec-90d6-0242ac120003,NULL,B52-38,Rottalgletscher (VS) E,
1813,e3507656-7a05-11ec-90d6-0242ac120003,NULL,B52-39,Dri Horlini E,
1814,e350776e-7a05-11ec-90d6-0242ac120003,NULL,B52-40,Dri Horlini N,
1815,7fe240c0-4ec8-11e8-85fa-985fd331b2ee,61,A55a-04,Gamchigletscher,gamchi
1816,7fe4d8cf-4ec8-11e8-a3bf-985fd331b2ee,246,A55a-03,Gspaltenhorngletscher,gspaltenhorn
1817,e34f31a6-7a05-11ec-90d6-0242ac120003,NULL,A56e-03,Obere Olde E,
1818,7fb9830f-4ec8-11e8-abe7-985fd331b2ee,250,A55b-09,Üssere Fisistock,biberg
1819,e34f334a-7a05-11ec-90d6-0242ac120003,NULL,A56e-04,Oldesattel,
1820,7f3fbf2e-4ec8-11e8-920b-985fd331b2ee,113,A56d-05,Gältegletscher,gelten
1821,7f7b418f-4ec8-11e8-b24b-985fd331b2ee,NULL,A55d-05,Strubelgletscher,strubel
1822,7fd45e0f-4ec8-11e8-b1d3-985fd331b2ee,64,A55b-02,Blüemlisalpgletscher,bluemlisalp
1823,7f7ffc80-4ec8-11e8-a4d7-985fd331b2ee,NULL,A55c-14,Steghorngletscher,steghorn
1824,7f7e4ecf-4ec8-11e8-a772-985fd331b2ee,NULL,A55c-11,Lämmerengletscher,laemmeren
1825,822a5c00-4ec8-11e8-862d-985fd331b2ee,NULL,A55f-08,Chilchligletscher,dungel
1826,e350785e-7a05-11ec-90d6-0242ac120003,NULL,B52-41,Zwischbergenpass,
1827,7fbdefe1-4ec8-11e8-9a43-985fd331b2ee,371,A55b-11,Silleregletscher,sillere
1828,e3507a34-7a05-11ec-90d6-0242ac120003,NULL,B52-42,Portjenhorn N ,
1829,7fdf0c70-4ec8-11e8-a467-985fd331b2ee,109,A55b-13,Kanderfirn,alpetli
1830,80c8820f-4ec8-11e8-b915-985fd331b2ee,NULL,B46-30,Tälligletscher (Binn),
1831,80c7498f-4ec8-11e8-af7e-985fd331b2ee,NULL,B46-31,Ofenhorn,
1832,7fb78740-4ec8-11e8-9ce1-985fd331b2ee,110,A55b-16,Lötschegletscher,loetsche
1833,bb1df112-74a9-11ea-bc55-0242ac130003,NULL,B53-12,Färich Gletscher,
1834,7faefbc0-4ec8-11e8-9125-985fd331b2ee,247,A55b-18,Balmhorngletscher,balmhorn
1835,e350e492-7a05-11ec-90d6-0242ac120003,NULL,B56-06,Breitwang,
1836,bb1e30d2-74a9-11ea-bc55-0242ac130003,NULL,B53-28,Balfrin,
1837,bb1e1570-74a9-11ea-bc55-0242ac130003,NULL,B53-29,Fallgletscher E,
1838,bb1e29de-74a9-11ea-bc55-0242ac130003,NULL,B55-11,Alphubel,
1839,e350b8b4-7a05-11ec-90d6-0242ac120003,NULL,B53-22,Gibidum,
1840,e350b99a-7a05-11ec-90d6-0242ac120003,NULL,B53-24,Schutzbächji,
1841,e350c1b0-7a05-11ec-90d6-0242ac120003,NULL,B54-04,Breithorn,
1842,e350c386-7a05-11ec-90d6-0242ac120003,NULL,B54-06,Gugla N,
1843,e350c4bc-7a05-11ec-90d6-0242ac120003,NULL,B54-07,Gugla NE,
1844,e350c5ac-7a05-11ec-90d6-0242ac120003,NULL,B54-08,Gugla E,
1845,e350c692-7a05-11ec-90d6-0242ac120003,NULL,B55-01,Galenjoch,
1846,bb1d9942-74a9-11ea-bc55-0242ac130003,NULL,B57-04,Matterhorn W,
1847,801055a1-4ec8-11e8-97f4-985fd331b2ee,NULL,B53-10,Balfringletscher E,
1848,800977cf-4ec8-11e8-9d87-985fd331b2ee,NULL,B53-20,Feegletscher N,
1849,bb1e0de6-74a9-11ea-bc55-0242ac130003,NULL,B57-15,Wellenkuppe SE,
1850,bb1df360-74a9-11ea-bc55-0242ac130003,NULL,B60-07,Üssers Barrhorn S,
1851,bb1e31a4-74a9-11ea-bc55-0242ac130003,NULL,B60-24,Bishorn N,
1852,7fa1b551-4ec8-11e8-a87e-985fd331b2ee,62,A55c-05,Schwarzgletscher,schwarz
1853,bb1ddfec-74a9-11ea-bc55-0242ac130003,NULL,B63-09,Plan des Lettres N,
1854,7f78344f-4ec8-11e8-858b-985fd331b2ee,63,A55c-13,Wildstrubelgletscher,laemmern
1855,bb1df680-74a9-11ea-bc55-0242ac130003,NULL,B63-20,Plan des Lettres S,
1856,bb1e3d20-74a9-11ea-bc55-0242ac130003,NULL,B63-23,Grand Cornier,
1857,e649ed92-7a05-11ec-90d6-0242ac120003,NULL,B73-23,Glacier Inférieur des Aiguilles Rouges N,
1858,bb1e1106-74a9-11ea-bc55-0242ac130003,NULL,B72-21,Glacier des Rosses N (Evolène),
1859,7f907740-4ec8-11e8-bcbc-985fd331b2ee,NULL,B72-09,Dent Blanche SW,
1860,e64a6f60-7a05-11ec-90d6-0242ac120003,NULL,B84-26,L'Aglan,
1861,e64a8e82-7a05-11ec-90d6-0242ac120003,NULL,B85-09,Pointe Kurz,
1862,7f7a3021-4ec8-11e8-8281-985fd331b2ee,111,A55f-01,Ammertegletscher,ammerten
1863,e64a85f4-7a05-11ec-90d6-0242ac120003,NULL,B85-29,Grand Darrey,
1864,e64a898c-7a05-11ec-90d6-0242ac120003,NULL,B85-30,Col des Essettes,
1865,e64a8b8a-7a05-11ec-90d6-0242ac120003,NULL,B85-32,Pointe Morin,
1866,7f580221-4ec8-11e8-8098-985fd331b2ee,112,A56d-01,Tungelgletscher,dungel
1867,bb1dab76-74a9-11ea-bc55-0242ac130003,NULL,B84-25,Le Valsorey,
1868,e64a8c84-7a05-11ec-90d6-0242ac120003,NULL,B85-33,Tour Noir,
1869,e34f358e-7a05-11ec-90d6-0242ac120003,NULL,A56e-06,Nägelihore,
1870,e34f3926-7a05-11ec-90d6-0242ac120003,NULL,A56e-07,Tête aux Chamois,
1871,e34f3a48-7a05-11ec-90d6-0242ac120003,NULL,A56e-08,Obere Olde W,
1872,e34f3f2a-7a05-11ec-90d6-0242ac120003,NULL,B16-06,Tête Ronde,
1873,e34f402e-7a05-11ec-90d6-0242ac120003,NULL,B16-08,Pierre Meule,
1874,e34f3e08-7a05-11ec-90d6-0242ac120003,NULL,B16-11,Letchiau,
1875,e34f4222-7a05-11ec-90d6-0242ac120003,NULL,B17-07,Dent Favre,
1876,e64b989a-7a05-11ec-90d6-0242ac120003,NULL,E03-12,Piz Cotschen,
1877,e34f44e8-7a05-11ec-90d6-0242ac120003,NULL,B17-09,Tête de Bellalué,
1878,e34f45f6-7a05-11ec-90d6-0242ac120003,NULL,B20-01,Cabane Rambert N,
1879,e34f46f0-7a05-11ec-90d6-0242ac120003,NULL,B20-02,Tête Séri,
1880,e34f47f4-7a05-11ec-90d6-0242ac120003,NULL,B20-03,Cabana Rambert S,
1881,e34f48ee-7a05-11ec-90d6-0242ac120003,NULL,B20-04,Glacier de la Forcle,
1882,e34f49fc-7a05-11ec-90d6-0242ac120003,NULL,B21-01,Tête à Grosjean,
1883,e34f4af6-7a05-11ec-90d6-0242ac120003,NULL,B21-04,Glacier de Tita Naire,
1884,e34f4be6-7a05-11ec-90d6-0242ac120003,NULL,B22-03,Grand Gouilles,
1885,7f26e000-4ec8-11e8-9cd0-985fd331b2ee,47,B16-01,Glacier du Sex Rouge,sexrouge
1886,e34f4f24-7a05-11ec-90d6-0242ac120003,NULL,B23-04,Schnidehore S,
1887,e34f819c-7a05-11ec-90d6-0242ac120003,NULL,B35-16,Hostock E,
1888,e34f9510-7a05-11ec-90d6-0242ac120003,NULL,B36-06,Beichpass E,
1889,7fed8b61-4ec8-11e8-9dea-985fd331b2ee,194,B32-07,Nestgletscher,nest
1890,df09a05e-7a05-11ec-90d6-0242ac120003,NULL,A13g-01,Cima di Camutsch,
1891,df09aacc-7a05-11ec-90d6-0242ac120003,NULL,A13g-03,Piz dal Märc,
1892,df09ad9c-7a05-11ec-90d6-0242ac120003,NULL,A13g-06,Bocchetta da Lägh,
1893,81c66a11-4ec8-11e8-99c3-985fd331b2ee,NULL,A13g-08,Vadrec da la Sovrana,
1894,df09aed2-7a05-11ec-90d6-0242ac120003,NULL,A13g-09,Piz Bles,
1895,df09a16c-7a05-11ec-90d6-0242ac120003,NULL,A13g-11,Cima da Lägh,
1896,df09a284-7a05-11ec-90d6-0242ac120003,NULL,A13g-12,Cima della Sovrana,
1897,df09a3f6-7a05-11ec-90d6-0242ac120003,NULL,A13g-14,Val da la Bles,
1898,df09a540-7a05-11ec-90d6-0242ac120003,NULL,A13g-15,Pass de la Bles,
1899,808b2af0-4ec8-11e8-8ac4-985fd331b2ee,4,B40-07,Fieschergletscher,fiescher
1900,e3502b4c-7a05-11ec-90d6-0242ac120003,NULL,B47-12,Bortelseewji,
1901,e3502d68-7a05-11ec-90d6-0242ac120003,NULL,B47-13,Furggubäumlicke W,
1902,e3502e76-7a05-11ec-90d6-0242ac120003,NULL,B47-14,Tunnelspitz E,
1903,822504cf-4ec8-11e8-8456-985fd331b2ee,NULL,B46-03,Turbhorn,
1904,80849b40-4ec8-11e8-9933-985fd331b2ee,NULL,B46-23,Saflischtal,
1905,80b74400-4ec8-11e8-a536-985fd331b2ee,NULL,B46-34,Unter Schinhorn,
1906,80ac6e8f-4ec8-11e8-93d9-985fd331b2ee,NULL,B46-39,Fleschhorn NW,
1907,80742080-4ec8-11e8-a73d-985fd331b2ee,NULL,B47-08,Furggubäumlicke,
1908,e3502f7a-7a05-11ec-90d6-0242ac120003,NULL,B47-15,Punta Terrarossa E,
1909,e3503182-7a05-11ec-90d6-0242ac120003,NULL,B47-18,Wasmerlicke,
1910,e3503286-7a05-11ec-90d6-0242ac120003,NULL,B47-21,Hübschgletscher,
1911,e350338a-7a05-11ec-90d6-0242ac120003,NULL,B47-22,Punta Terrarossa N,
1912,e3503a38-7a05-11ec-90d6-0242ac120003,NULL,B47-23,Wasenhorn,
1913,e3504758-7a05-11ec-90d6-0242ac120003,NULL,B50-01,Grlessernuhorn W,
1914,e3504848-7a05-11ec-90d6-0242ac120003,NULL,B50-03,Mattwaldhorn W,
1915,e3504aa0-7a05-11ec-90d6-0242ac120003,NULL,B50-04,Ritze,
1916,e3509884-7a05-11ec-90d6-0242ac120003,NULL,B52-57,Stelli,
1917,e35099b0-7a05-11ec-90d6-0242ac120003,NULL,B52-58,Spahnhörner E,
1918,e3509aa0-7a05-11ec-90d6-0242ac120003,NULL,B52-59,Monte Moropass E,
1919,e3509c80-7a05-11ec-90d6-0242ac120003,NULL,B52-68,Hinter Allalin,
1920,e3506990-7a05-11ec-90d6-0242ac120003,NULL,B52-19,Spechhorn W,
1921,80428930-4ec8-11e8-b9a1-985fd331b2ee,NULL,B51-06,Jegigrat,
1922,82248f9e-4ec8-11e8-80c1-985fd331b2ee,NULL,B51-15,Triftgrat NW,
1923,803f7bf0-4ec8-11e8-bc7e-985fd331b2ee,NULL,B52-21,Monte Moro,
1924,e3509e56-7a05-11ec-90d6-0242ac120003,NULL,B52-70,Weissmies SE,
1925,e350a09a-7a05-11ec-90d6-0242ac120003,NULL,B52-71,Rottalgletscher (VS) S,
1926,e350a27a-7a05-11ec-90d6-0242ac120003,NULL,B52-72,Rottalgletscher (VS) SE,
1927,81b1f7b0-4ec8-11e8-8d55-985fd331b2ee,NULL,A13n-02,Zapport-Breitstock,
1928,81a01d5e-4ec8-11e8-9a31-985fd331b2ee,NULL,A13n-07,Rheinwaldhorngletscher,
1929,df09f162-7a05-11ec-90d6-0242ac120003,NULL,A13n-09,Güferhorn,
1930,df09e79e-7a05-11ec-90d6-0242ac120003,NULL,A13n-10,Güferhorn SW,
1931,800cac21-4ec8-11e8-b00f-985fd331b2ee,179,B53-11,Balfringletscher,balfrin
1932,e350da1a-7a05-11ec-90d6-0242ac120003,NULL,B56-12,Hörnlihütte S,
1933,e350dc5e-7a05-11ec-90d6-0242ac120003,NULL,B56-19,Längfluejoch,
1934,82117ccf-4ec8-11e8-a20d-985fd331b2ee,NULL,A10g-15,Plattenhörner,
1935,820c25a1-4ec8-11e8-affd-985fd331b2ee,NULL,A10f-01,Leidhorngletscher,
1936,822c09b0-4ec8-11e8-bf08-985fd331b2ee,NULL,A12e-10,Piz Crealetsch,
1937,df09f8ce-7a05-11ec-90d6-0242ac120003,NULL,A14d-12,Furggeltihorn E,
1938,e35144aa-7a05-11ec-90d6-0242ac120003,NULL,B72-31,Pointe de Mourti S,
1939,e351459a-7a05-11ec-90d6-0242ac120003,NULL,B72-32,Mont Miné S,
1940,e64a422e-7a05-11ec-90d6-0242ac120003,NULL,B82-73,Tour de Boussine N,
1941,e64a433c-7a05-11ec-90d6-0242ac120003,NULL,B82-74,Combin de la Tsessette E,
1942,e64a4620-7a05-11ec-90d6-0242ac120003,NULL,B82-75,Combin de la Tsessette SE,
1943,e64a472e-7a05-11ec-90d6-0242ac120003,NULL,B82-76,La Torbesse N,
1944,e64a4832-7a05-11ec-90d6-0242ac120003,NULL,B82-77,Tour de Boussine E,
1945,e64a4940-7a05-11ec-90d6-0242ac120003,NULL,B82-78,Tour de Boussine SE,
1946,e64a4a3a-7a05-11ec-90d6-0242ac120003,NULL,B83-01,Col des Otanes W,
1947,e64a5aa2-7a05-11ec-90d6-0242ac120003,NULL,B83-02,Col des Otanes S,
1948,817bf38f-4ec8-11e8-bd0b-985fd331b2ee,NULL,A14f-18,Piz Miez (Sumvitg),
1949,df0a2240-7a05-11ec-90d6-0242ac120003,NULL,A14f-20,Glatscher da Lavaz W,
1950,df0a245c-7a05-11ec-90d6-0242ac120003,NULL,A14f-21,Fuorcla Sura da Lavaz,
1951,e64ab074-7a05-11ec-90d6-0242ac120003,NULL,C00-15,Cima d'Azoglio,
1952,e64ab164-7a05-11ec-90d6-0242ac120003,NULL,C00-16,Pizzo Straciugo,
1953,e64ab268-7a05-11ec-90d6-0242ac120003,NULL,C00-17,Mürlini W,
1954,e64ab36c-7a05-11ec-90d6-0242ac120003,NULL,C00-18,Mürlini E,
1955,e64ab470-7a05-11ec-90d6-0242ac120003,NULL,C00-19,Gletscherwasser,
1956,e64ab574-7a05-11ec-90d6-0242ac120003,NULL,C00-20,Gletscherwasser S,
1957,e64ab862-7a05-11ec-90d6-0242ac120003,NULL,C00-21,Gletscherwasser SW,
1958,e64b0f06-7a05-11ec-90d6-0242ac120003,NULL,C33-13,Passo Gararesc,
1959,e64b101e-7a05-11ec-90d6-0242ac120003,NULL,C33-14,Passo della Cima di Lago,
1960,e64b1136-7a05-11ec-90d6-0242ac120003,NULL,C33-16,Poncione di Valleggia,
1961,e64b124e-7a05-11ec-90d6-0242ac120003,NULL,C33-17,Bocchetta di Formazzora,
1962,e64b1366-7a05-11ec-90d6-0242ac120003,NULL,C33-18,Ganone,
1963,e64b1a50-7a05-11ec-90d6-0242ac120003,NULL,C34-03,Pizzo Nero,
1964,e64b1b5e-7a05-11ec-90d6-0242ac120003,NULL,C34-04,Pizzo Gallina S,
1965,e64b1c80-7a05-11ec-90d6-0242ac120003,NULL,C34-05,Chilchorn,
1966,e64b1d8e-7a05-11ec-90d6-0242ac120003,NULL,C34-06,Sidelenlücke,
1967,8175d90f-4ec8-11e8-8674-985fd331b2ee,NULL,A14g-17,Glatscher Davos la Buora / Glatscher da Medel,
1968,e64b1fbe-7a05-11ec-90d6-0242ac120003,NULL,C35-04,Pizzo Rotondo,
1969,e64b2428-7a05-11ec-90d6-0242ac120003,NULL,C35-07,Piode Borel,
1970,e64b261c-7a05-11ec-90d6-0242ac120003,NULL,C35-08,Cresta del Poncionetto,
1971,e64b28d8-7a05-11ec-90d6-0242ac120003,NULL,C35-09,Passo di Ruino,
1972,e64b1ea6-7a05-11ec-90d6-0242ac120003,NULL,C35-10,Gerenhorn,
1973,e64b2afe-7a05-11ec-90d6-0242ac120003,NULL,C36-03,Piz Curnera,
1974,e64b2c0c-7a05-11ec-90d6-0242ac120003,NULL,C36-06,Mottone,
1975,e64b29f0-7a05-11ec-90d6-0242ac120003,NULL,C36-14,Fibbia,
1976,e64b2d10-7a05-11ec-90d6-0242ac120003,NULL,C43-01,Torrone di Garzora,
1977,e64b3af8-7a05-11ec-90d6-0242ac120003,NULL,C43-08,Punta dello Stambecco,
1978,810d051e-4ec8-11e8-8e0f-985fd331b2ee,119,C14-17,Ghiacciaio del Cavagnöö,cavagnoli
1979,e64b55a6-7a05-11ec-90d6-0242ac120003,NULL,C51-09,Pizzo de Stabi,
1980,e64b56aa-7a05-11ec-90d6-0242ac120003,NULL,C52-01,Pass de Ganan,
1981,e64b57a4-7a05-11ec-90d6-0242ac120003,NULL,C53-07,Piz Motton,
1982,e64b58b2-7a05-11ec-90d6-0242ac120003,NULL,C53-08,Breitstock,
1983,e64b59a2-7a05-11ec-90d6-0242ac120003,NULL,C54-01,Alp de Balnisc,
1984,e64b5c54-7a05-11ec-90d6-0242ac120003,NULL,C54-02,Cima de Verchenca,
1985,e64b5d6c-7a05-11ec-90d6-0242ac120003,NULL,C54-03,Pizzo Quadro,
1986,816cb14f-4ec8-11e8-bb93-985fd331b2ee,NULL,A14g-19,Val Garviel,
1987,81622a00-4ec8-11e8-aba9-985fd331b2ee,NULL,A14g-20,Piz Gierm SE,
1988,e64b5e70-7a05-11ec-90d6-0242ac120003,NULL,C55-01,Cima de Lughezasca,
1989,e64b5f6a-7a05-11ec-90d6-0242ac120003,NULL,C82-04,Mungiroi,
1990,df0a2a88-7a05-11ec-90d6-0242ac120003,NULL,A14g-24,Piz Miez (Medel) W,
1991,df0a2b96-7a05-11ec-90d6-0242ac120003,NULL,A14g-25,Fuorn dil Vigeli,
1992,df0a2ca4-7a05-11ec-90d6-0242ac120003,NULL,A14g-26,Vallatschas,
1993,df0a2dc6-7a05-11ec-90d6-0242ac120003,NULL,A14g-28,Piz Scai,
1994,df0a4aa4-7a05-11ec-90d6-0242ac120003,NULL,A14h-03,Plaunca Nossadunna N,
1995,df0a4da6-7a05-11ec-90d6-0242ac120003,NULL,A14h-06,Piz Serengia,
1996,8156431e-4ec8-11e8-9c7f-985fd331b2ee,NULL,A14h-08,Stgeina Muota,
1997,81527291-4ec8-11e8-b02b-985fd331b2ee,NULL,A14h-09,Fuorcla digl Uffiern,
1998,df0a344c-7a05-11ec-90d6-0242ac120003,NULL,A14h-12,Fuorcla Paradis,
1999,e64b6172-7a05-11ec-90d6-0242ac120003,NULL,C82-06,Piz Mungiroi,
2000,e64b626c-7a05-11ec-90d6-0242ac120003,NULL,C83-01,Salin da la Margna,
2001,e64b6366-7a05-11ec-90d6-0242ac120003,NULL,C83-10,Monte Rosso,
2002,e64b6500-7a05-11ec-90d6-0242ac120003,NULL,C83-13,Scälin,
2003,e64b6780-7a05-11ec-90d6-0242ac120003,NULL,C83-14,Caciadur,
2004,e64b6a96-7a05-11ec-90d6-0242ac120003,NULL,C83-18,Pass da Casnil Sud,
2005,e64b79fa-7a05-11ec-90d6-0242ac120003,NULL,C84-03,Valun dal Balzet,
2006,e64b7aea-7a05-11ec-90d6-0242ac120003,NULL,C84-04,Piz Casnil,
2007,8241b48f-4ec8-11e8-b4b9-985fd331b2ee,98,E02-06,Vadret da Lischana,lischana
2008,8220e621-4ec8-11e8-a1de-985fd331b2ee,97,E03-04,Vadret da Sesvenna,sesvenna
2009,8174c79e-4ec8-11e8-99cf-985fd331b2ee,NULL,A14g-18,Glatscher da Puzzetta NE,
2010,8151fd61-4ec8-11e8-a496-985fd331b2ee,352,C32-02,Ghiacciaio Grande di Croslina,croslina
2011,e64b8512-7a05-11ec-90d6-0242ac120003,NULL,C95-12,Scima da Saoseo W,
2012,e64b860c-7a05-11ec-90d6-0242ac120003,NULL,C95-13,Pass da Sach W,
2013,e64b8cba-7a05-11ec-90d6-0242ac120003,NULL,C96-01,Cresta della Sperella,
2014,e64b8dbe-7a05-11ec-90d6-0242ac120003,NULL,C96-02,Piz Sena E,
2015,e64b903e-7a05-11ec-90d6-0242ac120003,NULL,E02-01,Piz Cristanas NW,
2016,e64b921e-7a05-11ec-90d6-0242ac120003,NULL,E02-02,Lai d'Immez,
2017,e64b9322-7a05-11ec-90d6-0242ac120003,NULL,E02-03,Fuorcla da Rims,
2018,81cd9600-4ec8-11e8-b6f5-985fd331b2ee,NULL,C82-02,Piz Duan N,
2019,e64b9408-7a05-11ec-90d6-0242ac120003,NULL,E02-07,Lai d'Immez SE,
2020,e64b9502-7a05-11ec-90d6-0242ac120003,NULL,E02-08,Lai d'Immez S,
2021,e64b9606-7a05-11ec-90d6-0242ac120003,NULL,E02-09,Piz Cristanas NE,
2022,e64b912e-7a05-11ec-90d6-0242ac120003,NULL,E02-10,Piz Cristanas,
2023,e64b9a98-7a05-11ec-90d6-0242ac120003,NULL,E03-02,Piz da l'Aua,
2024,e64b9b88-7a05-11ec-90d6-0242ac120003,NULL,E03-06,Ils Nairs,
2025,e64b9c8c-7a05-11ec-90d6-0242ac120003,NULL,E03-08,Piz Vallatscha,
2026,e64b9700-7a05-11ec-90d6-0242ac120003,NULL,E03-10,Piz Plazer,
2027,e64bab82-7a05-11ec-90d6-0242ac120003,NULL,E05-05,Piz Ftur N,
2028,e64bac86-7a05-11ec-90d6-0242ac120003,NULL,E05-09,Piz Plattuns,
2029,e64ba6dc-7a05-11ec-90d6-0242ac120003,NULL,E05-10,Fuorcla Pedrus,
2030,e64ba7f4-7a05-11ec-90d6-0242ac120003,NULL,E05-11,Piz Ftur,
2031,e64bad94-7a05-11ec-90d6-0242ac120003,NULL,E06-03,Vadret da Nuna W,
2032,e64bb23a-7a05-11ec-90d6-0242ac120003,NULL,E07-02,Pass d'Ivraina,
2033,81605540-4ec8-11e8-8706-985fd331b2ee,NULL,A14h-07,Ils Cotschens,
2034,df0a3582-7a05-11ec-90d6-0242ac120003,NULL,A14h-14,Lai Verd N,
2035,df0a36a4-7a05-11ec-90d6-0242ac120003,NULL,A14h-15,Spulanda dil Stoffel E,
2036,df0a37b2-7a05-11ec-90d6-0242ac120003,NULL,A14h-16,Spulanda dil Stoffel W,
2037,df0a3974-7a05-11ec-90d6-0242ac120003,NULL,A14h-17,Plaunca Nossadunna S,
2038,df0a3a8c-7a05-11ec-90d6-0242ac120003,NULL,A14h-18,Plaunca Falera,
2039,df0a3bae-7a05-11ec-90d6-0242ac120003,NULL,A14h-19,Brins,
2040,df0a4090-7a05-11ec-90d6-0242ac120003,NULL,A14h-20,Piz Blas,
2041,bb1deec4-74a9-11ea-bc55-0242ac130003,NULL,A14h-21,Piz Rondadura W,
2042,df0a41f8-7a05-11ec-90d6-0242ac120003,NULL,A14h-22,Fuorcla dil Blas,
2043,df0a454a-7a05-11ec-90d6-0242ac120003,NULL,A14h-23,Piz Git,
2044,81dcff51-4ec8-11e8-896f-985fd331b2ee,150,E35-15,Vadret d'Agnel,agnel
2045,81db2a8f-4ec8-11e8-b718-985fd331b2ee,95,E35-17,Vadret Calderas,calderas
2046,e64bb564-7a05-11ec-90d6-0242ac120003,NULL,E07-06,Spi da Baselgia NE,
2047,e64bb668-7a05-11ec-90d6-0242ac120003,NULL,E10-02,Laschadurellas,
2048,e64bb884-7a05-11ec-90d6-0242ac120003,NULL,E10-04,Laschadurellas SE,
2049,e64bb988-7a05-11ec-90d6-0242ac120003,NULL,E10-05,Spi da Laschadurella W,
2050,e64bbb22-7a05-11ec-90d6-0242ac120003,NULL,E10-06,Spi da Laschadurella SW,
2051,e64bbd34-7a05-11ec-90d6-0242ac120003,NULL,E11-02,Piz Tea Fondada,
2052,e64bbe42-7a05-11ec-90d6-0242ac120003,NULL,E11-03,Piz Murtaröl S,
2053,e64bbf5a-7a05-11ec-90d6-0242ac120003,NULL,E11-04,Piz Murtaröl,
2054,e64bc068-7a05-11ec-90d6-0242ac120003,NULL,E11-05,Piz Pala Gronda,
2055,e64bc180-7a05-11ec-90d6-0242ac120003,NULL,E11-06,Piz Murtaröl SE,
2056,e64bc284-7a05-11ec-90d6-0242ac120003,NULL,E11-07,Piz Murtaröl W,
2057,e64bce1e-7a05-11ec-90d6-0242ac120003,NULL,E12-02,Val da l'Aqua W,
2058,e64bd044-7a05-11ec-90d6-0242ac120003,NULL,E12-04,Fuorcla Val Sassa,
2059,e64bd15c-7a05-11ec-90d6-0242ac120003,NULL,E12-06,Piz Tantermozza,
2060,e64bd274-7a05-11ec-90d6-0242ac120003,NULL,E12-07,Piz dal Diavel,
2061,e64bd382-7a05-11ec-90d6-0242ac120003,NULL,E12-08,Fuorcla dal Diavel,
2062,e64bd4f4-7a05-11ec-90d6-0242ac120003,NULL,E12-09,Fuorcla dal Diavel E,
2063,e64bc518-7a05-11ec-90d6-0242ac120003,NULL,E12-10,Fuorcla dal Diavel N,
2064,e64bc626-7a05-11ec-90d6-0242ac120003,NULL,E12-11,Val Diavel,
2065,e64bc72a-7a05-11ec-90d6-0242ac120003,NULL,E12-12,Fuorcla dal Diavel,
2066,e64bc838-7a05-11ec-90d6-0242ac120003,NULL,E12-13,Val Diavel,
2067,e64bca5e-7a05-11ec-90d6-0242ac120003,NULL,E12-14,Val Diavel,
2068,e64bcb80-7a05-11ec-90d6-0242ac120003,NULL,E12-15,Val Diavel,
2069,e64bd814-7a05-11ec-90d6-0242ac120003,NULL,E14-01,Lei da Müschauns,
2070,e64bd92c-7a05-11ec-90d6-0242ac120003,NULL,E14-03,Piz Fier,
2071,e64bda30-7a05-11ec-90d6-0242ac120003,NULL,E14-07,Fuorcla Müschauns W,
2072,e64bdb48-7a05-11ec-90d6-0242ac120003,NULL,E14-08,Fuorcla Müschauns SW,
2073,e64bdc56-7a05-11ec-90d6-0242ac120003,NULL,E15-01,Munt Cotschen E,
2074,e64befd4-7a05-11ec-90d6-0242ac120003,NULL,E15-03,Chantun,
2075,e64bfaf6-7a05-11ec-90d6-0242ac120003,NULL,E15-07,Crasta Burdun,
2076,e64bdef4-7a05-11ec-90d6-0242ac120003,NULL,E15-11,Fuorcla Sagliaint,
2077,e64be00c-7a05-11ec-90d6-0242ac120003,NULL,E15-12,Piz Pischa E,
2078,815b2521-4ec8-11e8-980d-985fd331b2ee,NULL,A14h-04,Fuorcla Vatgira,
2079,7f43dde1-4ec8-11e8-9cdc-985fd331b2ee,NULL,A56d-04,Gältegletscher E,gelten-e
2080,80e64340-4ec8-11e8-8e3a-985fd331b2ee,54,A54e-13,Steilimigletscher,steinlimmi
2081,7ffa0e80-4ec8-11e8-b2b2-985fd331b2ee,241,A54m-19,Breithorngletscher (Lauterbrunnen),breithorn
2082,e64be5d4-7a05-11ec-90d6-0242ac120003,NULL,E15-21,Crasta Burdun NE,
2083,8150018f-4ec8-11e8-8a81-985fd331b2ee,NULL,A14i-03,Glatscher da Curnera,
2084,814ad16e-4ec8-11e8-b115-985fd331b2ee,NULL,A14i-05,Glatscher da Maighels W,
2085,df0a5b98-7a05-11ec-90d6-0242ac120003,NULL,A14i-08,Gammertallücke,
2086,81bef000-4ec8-11e8-bf98-985fd331b2ee,296,A14p-07,Taminser Gletscher,taminser
2087,8201c561-4ec8-11e8-98b0-985fd331b2ee,115,A12d-03,Scalettagletscher,scaletta
2088,81889dc0-4ec8-11e8-a99c-985fd331b2ee,285,A14f-07,Glatscher da Gaglianera,gaglianera
2089,817e8ba1-4ec8-11e8-95a3-985fd331b2ee,265,A50i-25,Scheidstöckli,toedi
2090,814e05c0-4ec8-11e8-bce7-985fd331b2ee,NULL,A14i-10,Ravetsch,
2091,df0a4ff4-7a05-11ec-90d6-0242ac120003,NULL,A14i-11,Tgiern Ravetsch,
2092,df0a5116-7a05-11ec-90d6-0242ac120003,NULL,A14i-12,Fuorcla Ravetsch,
2093,df0a5238-7a05-11ec-90d6-0242ac120003,NULL,A14i-13,Piz Plaunca Cotschna,
2094,df0a5436-7a05-11ec-90d6-0242ac120003,NULL,A14i-14,Piz Alpetta,
2095,df0a559e-7a05-11ec-90d6-0242ac120003,NULL,A14i-16,Fedenälpler Wyssen,
2096,df0a5710-7a05-11ec-90d6-0242ac120003,NULL,A14i-17,Brichplanggenstock,
2097,df0a5846-7a05-11ec-90d6-0242ac120003,NULL,A14i-18,Giuvstockli,
2098,df0a64da-7a05-11ec-90d6-0242ac120003,NULL,A14j-02,Puozas,
2099,814b94c0-4ec8-11e8-ac99-985fd331b2ee,NULL,A14j-05,Glatscher da Giuv N,
2100,814c7f21-4ec8-11e8-b0ac-985fd331b2ee,NULL,A14j-06,Glatscher da Giuv E,
2101,df0a6e26-7a05-11ec-90d6-0242ac120003,NULL,A14j-07,Culmatsch,
2102,8149c000-4ec8-11e8-a8c6-985fd331b2ee,NULL,A14j-01,Glatscher da Giuv,
2103,8156b84f-4ec8-11e8-bb19-985fd331b2ee,NULL,A14j-03,Glatscher da Strem,
2104,81590240-4ec8-11e8-a26a-985fd331b2ee,NULL,A14j-04,Calmut N,
2105,815b9a4f-4ec8-11e8-b7b3-985fd331b2ee,NULL,A14j-09,Stremhörner,
2106,815d20f0-4ec8-11e8-9e6f-985fd331b2ee,NULL,A14j-10,Piz Ault NW,
2107,815c0f80-4ec8-11e8-be29-985fd331b2ee,NULL,A14j-11,Piz Ault SW,
2108,df0a5cc4-7a05-11ec-90d6-0242ac120003,NULL,A14j-12,Schliusadoirs,
2109,df0a5e2c-7a05-11ec-90d6-0242ac120003,NULL,A14j-13,Crispalt,
2110,df0a5f44-7a05-11ec-90d6-0242ac120003,NULL,A14j-15,Aua da Val Giuv,
2111,df0a617e-7a05-11ec-90d6-0242ac120003,NULL,A14j-16,Rot Wichel,
2112,e64be6e2-7a05-11ec-90d6-0242ac120003,NULL,E15-22,Munt Cotschen NE,
2113,e64be7e6-7a05-11ec-90d6-0242ac120003,NULL,E15-23,Munt Cotschen N,
2114,e64be8ea-7a05-11ec-90d6-0242ac120003,NULL,E15-24,Munt Cotschen E,
2115,e64bea02-7a05-11ec-90d6-0242ac120003,NULL,E15-25,Piz Prünella N,
2116,e64beb10-7a05-11ec-90d6-0242ac120003,NULL,E15-26,Piz Prünella ,
2117,824250d1-4ec8-11e8-90a0-985fd331b2ee,374,B82-16,Glacier de Lire Rose,lirerose
2118,81430940-4ec8-11e8-a690-985fd331b2ee,349,C36-02,Pizzo Prevat,prevat
2119,7f24960f-4ec8-11e8-b878-985fd331b2ee,382,B21-05,Glacier des Diablerets,diablerets
2120,7fb08261-4ec8-11e8-8d82-985fd331b2ee,198,B25-03,Flüegletscher,fluee
2121,7fac158f-4ec8-11e8-8032-985fd331b2ee,199,B25-07,Majinggletscher,majing
2122,bb1d962c-74a9-11ea-bc55-0242ac130003,NULL,B85-02,Aiguille des Angroniettes,
2123,e64a6808-7a05-11ec-90d6-0242ac120003,NULL,B84-23,Le Mont Mort W,
2124,8109348f-4ec8-11e8-aa67-985fd331b2ee,153,C35-03,Poncione di Ruino,rotondo
2125,e64a69f2-7a05-11ec-90d6-0242ac120003,NULL,B84-24,Pointe de Drône,
2126,e64a705a-7a05-11ec-90d6-0242ac120003,NULL,B84-28,Les Dents du Grand Lé,
2127,e64a7154-7a05-11ec-90d6-0242ac120003,NULL,B84-29,Névé de la Rousse,
2128,bb1dcf84-74a9-11ea-bc55-0242ac130003,NULL,C01-13,Tossenhorn,
2129,bb1dd812-74a9-11ea-bc55-0242ac130003,NULL,C01-17,Zibelenfluehorn,
2130,bb1e2218-74a9-11ea-bc55-0242ac130003,NULL,C14-03,Pizzo Mèdola,
2131,7f17ebe1-4ec8-11e8-9753-985fd331b2ee,NULL,B85-21,Clochers du Portalet,
2132,bb1e03b4-74a9-11ea-bc55-0242ac130003,NULL,C32-16,Ghiacciaio Piccolo di Croslina E,
2133,bb1e0242-74a9-11ea-bc55-0242ac130003,NULL,C33-15,Poncione Cavagnolo,
2134,82413f5e-4ec8-11e8-a00c-985fd331b2ee,132,B16-02,Glacier du Dar,dar
2135,bb1e2150-74a9-11ea-bc55-0242ac130003,NULL,C14-18,Grandinagia,
2136,7f22250f-4ec8-11e8-a3d4-985fd331b2ee,49,B16-05,Glacier de Pierredar ,pierredar
2137,e64addce-7a05-11ec-90d6-0242ac120003,NULL,C02-07,Griesserna,
2138,e64b411a-7a05-11ec-90d6-0242ac120003,NULL,C44-06,Cengio San Martino,
2139,7f202940-4ec8-11e8-bf4b-985fd331b2ee,44,B17-02,Glacier de Paneirosse,paneirosse
2140,7f1f8d00-4ec8-11e8-9ac4-985fd331b2ee,45,B17-03,Grand Plan Névé,grandplanneve
2141,7f1ec9b0-4ec8-11e8-8faf-985fd331b2ee,131,B17-04,Petit Plan Névé,petitplanneve
2142,7f1ccde1-4ec8-11e8-a759-985fd331b2ee,46,B17-08,Glacier des Martinets,martinets
2143,e64b606e-7a05-11ec-90d6-0242ac120003,NULL,C82-05,Piz dal Sasc,
2144,7f277c40-4ec8-11e8-80f0-985fd331b2ee,33,B22-01,Glacier de Tsanfleuron,tsanfleuron
2145,e64b6b90-7a05-11ec-90d6-0242ac120003,NULL,C83-09,Sella del Forno E,
2146,bb1dace8-74a9-11ea-bc55-0242ac130003,NULL,C43-05,Valle Scaradra,
2147,bb1d9d84-74a9-11ea-bc55-0242ac130003,NULL,C83-11,Cima di Rosso,
2148,e64b20d6-7a05-11ec-90d6-0242ac120003,NULL,C35-06,Passo dei Sabbioni,
2149,7fb90dde-4ec8-11e8-ac2a-985fd331b2ee,360,B30-04,Ferdengletscher,ferden
2150,7fe6385e-4ec8-11e8-8171-985fd331b2ee,193,B30-06,Tellingletscher,tellin
2151,e64b687a-7a05-11ec-90d6-0242ac120003,NULL,C83-16,Creista da Fedoz,
2152,e64b6988-7a05-11ec-90d6-0242ac120003,NULL,C83-17,Sella del Forno NE,
2153,e64b6c8a-7a05-11ec-90d6-0242ac120003,NULL,C84-01,Furcela dal Largh,
2154,e64b72ca-7a05-11ec-90d6-0242ac120003,NULL,C84-21,Cima da Splüga,
2155,e64b73ba-7a05-11ec-90d6-0242ac120003,NULL,C84-22,Cima dal Largh,
2156,80190830-4ec8-11e8-8ad1-985fd331b2ee,126,B31-02,Jegigletscher,jaegi
2157,bb1d8f6a-74a9-11ea-bc55-0242ac130003,NULL,C84-12,Vadrec dal Cantun W,
2158,802711f0-4ec8-11e8-9b4c-985fd331b2ee,18,B31-04,Langgletscher,lang
2159,e64b7bda-7a05-11ec-90d6-0242ac120003,NULL,C85-02,Pass Cacciabella Sud,
2160,e64b7ec8-7a05-11ec-90d6-0242ac120003,NULL,C85-07,Pizzo Cengalo,
2161,e64b822e-7a05-11ec-90d6-0242ac120003,NULL,C94-01,Piz Ursera,
2162,e64b9d7c-7a05-11ec-90d6-0242ac120003,NULL,E03-09,Stavel da la Crappa,
2163,e64b9994-7a05-11ec-90d6-0242ac120003,NULL,E03-13,Lais da Trigl,
2164,801537a1-4ec8-11e8-9604-985fd331b2ee,192,B31-12,Dischliggletscher,dischlig
2165,bb1de258-74a9-11ea-bc55-0242ac130003,NULL,C85-12,Vadrec dal Cengal N,
2166,81509dcf-4ec8-11e8-8623-985fd331b2ee,NULL,C32-03,Ghiacciaio Piccolo di Croslina,
2167,bb1dbcf6-74a9-11ea-bc55-0242ac130003,NULL,C95-03,Vedreit dal Dügüral,
2168,bb1db3d2-74a9-11ea-bc55-0242ac130003,NULL,E03-05,Piz Sesvenna,
2169,e64b9e76-7a05-11ec-90d6-0242ac120003,NULL,E04-02,Piz Zuort,
2170,e64ba178-7a05-11ec-90d6-0242ac120003,NULL,E04-03,Trigl da Plavna,
2171,e64ba2b8-7a05-11ec-90d6-0242ac120003,NULL,E04-04,Piz Foraz,
2172,e64ba3c6-7a05-11ec-90d6-0242ac120003,NULL,E04-05,Pischa Dadaint,
2173,800a140f-4ec8-11e8-be21-985fd331b2ee,355,B32-02,Loibinbachgletscher,loibinbach
2174,8001afa1-4ec8-11e8-9251-985fd331b2ee,356,B32-03,Oigstchummungletscher,oigstchummun
2175,7ff860cf-4ec8-11e8-bf2e-985fd331b2ee,357,B32-05,Uistre Stampbachgletscher,stampbach
2176,7ff18300-4ec8-11e8-9c90-985fd331b2ee,358,B32-06,Birchgletscher,birch
2177,7fddfb00-4ec8-11e8-ab19-985fd331b2ee,359,B32-08,Hangendegletscher (Lötschental),hangende
2178,7fe770de-4ec8-11e8-9269-985fd331b2ee,170,B33-04,Bietschgletscher,bietsch
2179,e64ba4ca-7a05-11ec-90d6-0242ac120003,NULL,E04-07,Fuorcla da Trigl,
2180,e64bafb0-7a05-11ec-90d6-0242ac120003,NULL,E07-01,Macun,
2181,bb1dd66e-74a9-11ea-bc55-0242ac130003,NULL,E06-02,Vadret da Nuna,
2182,e64bb776-7a05-11ec-90d6-0242ac120003,NULL,E10-03,Fuorcla Ftur,
2183,e64ba5d8-7a05-11ec-90d6-0242ac120003,NULL,E05-01,Piz Plattas,
2184,e64c146e-7a05-11ec-90d6-0242ac120003,NULL,E21-06,Piz Lagalb,
2185,e64c1036-7a05-11ec-90d6-0242ac120003,NULL,E21-19,Gianda d'Albris,
2186,e64c1e96-7a05-11ec-90d6-0242ac120003,NULL,E23-19,Piz San Gian,
2187,bb1e33f2-74a9-11ea-bc55-0242ac130003,NULL,E24-06,Vadret dal Corvatsch,
2188,e64c305c-7a05-11ec-90d6-0242ac120003,NULL,E26-06,Piz Fedoz N,
2189,bb1dd4f2-74a9-11ea-bc55-0242ac130003,NULL,E21-18,Vadret d'Arlas W,
2190,bb1db8a0-74a9-11ea-bc55-0242ac130003,NULL,E22-05,Fuorcla Prievlusa,
2191,bb1db71a-74a9-11ea-bc55-0242ac130003,NULL,E22-09,Vadret Boval d'Mez,
2192,e64c330e-7a05-11ec-90d6-0242ac120003,NULL,E30-01,Piz Grevasalvas,
2193,e64c4150-7a05-11ec-90d6-0242ac120003,NULL,E35-10,Piz Bever Pitschen,
2194,e64c5370-7a05-11ec-90d6-0242ac120003,NULL,E43-01,Piz Fourun N,
2195,ea250fe6-7a05-11ec-90d6-0242ac120003,NULL,E43-05,Piz Vadret N,
2196,ea251392-7a05-11ec-90d6-0242ac120003,NULL,E43-08,Piz Sarsura,
2197,e64c5500-7a05-11ec-90d6-0242ac120003,NULL,E43-15,Piz Fourun W,
2198,ea251496-7a05-11ec-90d6-0242ac120003,NULL,E44-01,Murteras da Pülschezza,
2199,ea251a18-7a05-11ec-90d6-0242ac120003,NULL,E44-07,Piz dal Ras,
2200,822049e1-4ec8-11e8-9602-985fd331b2ee,NULL,E02-05,Vadret da Triazza,
2201,821fada1-4ec8-11e8-9fbc-985fd331b2ee,NULL,E04-01,Vadret da Zuort,
2202,ea251e6e-7a05-11ec-90d6-0242ac120003,NULL,E45-01,Piz Murtarol,
2203,e64c2b20-7a05-11ec-90d6-0242ac120003,NULL,E26-10,Creista da Fedoz N,
2204,ea251fa4-7a05-11ec-90d6-0242ac120003,NULL,E45-10,Stavel da Radönt,
2205,803d8021-4ec8-11e8-9eaa-985fd331b2ee,6,B36-01,Oberaletschgletscher,oberaletsch
2206,ea252d46-7a05-11ec-90d6-0242ac120003,NULL,E46-02,Schwarzhorafurgga,
2207,ea252e36-7a05-11ec-90d6-0242ac120003,NULL,E46-09,Schwarzhora E,
2208,bb1dda1a-74a9-11ea-bc55-0242ac130003,NULL,E46-04,Flüela Wisshorn,
2209,ea2527f6-7a05-11ec-90d6-0242ac120003,NULL,E46-10,Schwarzhora S,
2210,ea2528e6-7a05-11ec-90d6-0242ac120003,NULL,E46-11,Radüner Rothora N,
2211,ea2529e0-7a05-11ec-90d6-0242ac120003,NULL,E46-12,Radüner Rothora NW,
2212,ea252b5c-7a05-11ec-90d6-0242ac120003,NULL,E46-13,Flüela Wisshorn N,
2213,ea252c56-7a05-11ec-90d6-0242ac120003,NULL,E46-14,Flüela Wisshorn E,
2214,bb1e0954-74a9-11ea-bc55-0242ac130003,NULL,E51-02,Piz Fliana,
2215,bb1dbc24-74a9-11ea-bc55-0242ac130003,NULL,E51-11,Fuorcla Buin,
2216,ea2524f4-7a05-11ec-90d6-0242ac120003,NULL,E45-04,Vadret d'Arpschella,
2217,805303f0-4ec8-11e8-b416-985fd331b2ee,171,B36-17,Driestgletscher,driest
2218,ea2526f2-7a05-11ec-90d6-0242ac120003,NULL,E45-06,Gletschtäli N,
2219,ea25227e-7a05-11ec-90d6-0242ac120003,NULL,E45-12,Piz Arpschella SW,
2220,ea25302a-7a05-11ec-90d6-0242ac120003,NULL,E50-03,Piz Linard W,
2221,8058d04f-4ec8-11e8-89da-985fd331b2ee,106,B36-21,Mittelaletschgletscher,mittelaletsch
2222,ea25312e-7a05-11ec-90d6-0242ac120003,NULL,E50-05,Gapütsch Alba,
2223,ea253228-7a05-11ec-90d6-0242ac120003,NULL,E50-09,Piz Zadrell,
2224,ea252f3a-7a05-11ec-90d6-0242ac120003,NULL,E50-10,Piz Linard N,
2225,ea253ade-7a05-11ec-90d6-0242ac120003,NULL,E51-09,Furcletta,
2226,805d642e-4ec8-11e8-b774-985fd331b2ee,5,B36-26,Grosser Aletschgletscher,aletsch
2227,ea253390-7a05-11ec-90d6-0242ac120003,NULL,E51-10,Piz d'Anschatscha,
2228,ea25348a-7a05-11ec-90d6-0242ac120003,NULL,E51-12,Piz Buin Pitschen,
2229,ea253598-7a05-11ec-90d6-0242ac120003,NULL,E51-13,Hinter Jamspitz,
2230,ea253692-7a05-11ec-90d6-0242ac120003,NULL,E51-14,Vadret Tuoi S,
2231,ea25378c-7a05-11ec-90d6-0242ac120003,NULL,E51-15,Piz Tuoi,
2232,ea25387c-7a05-11ec-90d6-0242ac120003,NULL,E51-16,Piz Mon,
2233,ea253976-7a05-11ec-90d6-0242ac120003,NULL,E51-17,Vadret Tuoi SW,
2234,81e8980f-4ec8-11e8-bb23-985fd331b2ee,NULL,E35-04,Vadret Palüd Marscha,
2235,822293cf-4ec8-11e8-b316-985fd331b2ee,NULL,E35-06,Vadret Glüna,
2236,81e58ad1-4ec8-11e8-b4d8-985fd331b2ee,NULL,E35-11,Bever Pitschen,
2237,81e0a8cf-4ec8-11e8-9207-985fd331b2ee,NULL,E35-13,Traunter Ovas,
2238,81da8e4f-4ec8-11e8-919b-985fd331b2ee,NULL,E35-18,Piz Calderas,
2239,ea253bd8-7a05-11ec-90d6-0242ac120003,NULL,E52-01,Selletta,
2240,ea25431c-7a05-11ec-90d6-0242ac120003,NULL,E52-04,Piz Urschai Dadaint,
2241,ea254416-7a05-11ec-90d6-0242ac120003,NULL,E52-09,Muot da Cler,
2242,ea253cc8-7a05-11ec-90d6-0242ac120003,NULL,E52-10,Piz Urschai Dadoura,
2243,ea253dc2-7a05-11ec-90d6-0242ac120003,NULL,E52-11,Piz Urezzas E,
2244,ea253ebc-7a05-11ec-90d6-0242ac120003,NULL,E52-12,Piz Urezzas SE,
2245,80990d9e-4ec8-11e8-926e-985fd331b2ee,167,B41-02,Hangendgletscher (VS),hangendgletscher
2246,80a5b7d1-4ec8-11e8-957b-985fd331b2ee,166,B41-05,Bächigletscher,baechi
2247,80e5ce0f-4ec8-11e8-ba94-985fd331b2ee,253,B43-08,Sidelen,sidelen
2248,810b5770-4ec8-11e8-924c-985fd331b2ee,162,B44-17,Gerengletscher,geren
2249,80d09861-4ec8-11e8-bc6d-985fd331b2ee,231,B45-05,Ritzhörner,ritz
2250,80bf8161-4ec8-11e8-a6ab-985fd331b2ee,165,B45-09,Blinnengletscher W,blinnen
2251,80bb89c0-4ec8-11e8-9452-985fd331b2ee,169,B46-02,Fäldbachgletscher,faeldbach
2252,80a78c8f-4ec8-11e8-bc82-985fd331b2ee,164,B41-07,Minstigergletscher,minstiger
2253,80842611-4ec8-11e8-8486-985fd331b2ee,172,B47-01,Steinugletscher,steinu
2254,ea253fac-7a05-11ec-90d6-0242ac120003,NULL,E52-13,Vadret da Tasna W,
2255,ea25409c-7a05-11ec-90d6-0242ac120003,NULL,E52-14,Piz Laver,
2256,80e4bc9e-4ec8-11e8-a0f7-985fd331b2ee,1,B43-03,Rhonegletscher,rhone
2257,ea254600-7a05-11ec-90d6-0242ac120003,NULL,E56-02,Piz Mundin N,
2258,ea2546fa-7a05-11ec-90d6-0242ac120003,NULL,E56-03,Piz Mundin W,
2259,ea2547f4-7a05-11ec-90d6-0242ac120003,NULL,E56-06,Piz Chamins,
2260,ea254952-7a05-11ec-90d6-0242ac120003,NULL,E73-01,Fuorcla d'Laver,
2261,ea254b3c-7a05-11ec-90d6-0242ac120003,NULL,E73-06,Piz Davo Lais,
2262,80ef6b00-4ec8-11e8-9d50-985fd331b2ee,2,B44-03,Muttgletscher,mutt
2263,ea254c36-7a05-11ec-90d6-0242ac120003,NULL,E73-07,Zahnspitze,
2264,bb1db59e-74a9-11ea-bc55-0242ac130003,NULL,E73-03,Vadret da Fenga N (Krone),
2265,bb1e0882-74a9-11ea-bc55-0242ac130003,NULL,E73-05,Vadret da Fluchthorn S (Krone),
2266,87b31614-e42b-11ed-b5ea-0242ac120002,NULL,A14g-06,Fuorcal Encarden,
2267,87b31f6a-e42b-11ed-b5ea-0242ac120002,NULL,A51e-75,Ob Galenböden,
2268,87b32726-e42b-11ed-b5ea-0242ac120002,NULL,A12e-05,Nuorzas,
2269,87b3287a-e42b-11ed-b5ea-0242ac120002,NULL,A14p-04,Camatschera,
2270,87b331b2-e42b-11ed-b5ea-0242ac120002,NULL,A14l-28,Cordas,
2271,87b34710-e42b-11ed-b5ea-0242ac120002,NULL,A12d-19,Matijsch Tälli,
2272,80cc2b8f-4ec8-11e8-9ef4-985fd331b2ee,3,B45-04,Griesgletscher,gries
2273,87b34828-e42b-11ed-b5ea-0242ac120002,NULL,A14f-10,Mietzdi,
2274,87b34cba-e42b-11ed-b5ea-0242ac120002,NULL,A54l-36,Brät Hörnli,
2275,87b34dfa-e42b-11ed-b5ea-0242ac120002,NULL,A54m-35,Schwandbach,
2276,bb1e24ca-74a9-11ea-bc55-0242ac130003,NULL,B34-12,Jägihorn,
2277,808389cf-4ec8-11e8-964a-985fd331b2ee,NULL,A54j-07,Wellhorn,
2278,dfbc7c2e-4d8a-11ee-be56-0242ac120002,NULL,A51f-70,Rütifirn N,
2279,bb1df8a6-74a9-11ea-bc55-0242ac130003,NULL,E56-01,Piz Mezdi,
2280,821c2b30-4ec8-11e8-8a7e-985fd331b2ee,NULL,E52-02,Fuorcla d'Urezzas,
2281,80c96c70-4ec8-11e8-9c11-985fd331b2ee,121,B46-07,Tälligletscher N (Binn),taelli
2282,821ca05e-4ec8-11e8-8bfa-985fd331b2ee,NULL,E52-03,Vadret d'Urezzas,
2283,81f62ca1-4ec8-11e8-9d23-985fd331b2ee,NULL,A12d-08,Chüealptal-Sertig,
2284,816bee00-4ec8-11e8-9972-985fd331b2ee,NULL,A14g-10,Piz Vallatscha,
2285,df0afcba-7a05-11ec-90d6-0242ac120003,NULL,A51e-41,Winterlücke,
2286,811653f0-4ec8-11e8-9530-985fd331b2ee,NULL,A51g-14,Hasenstock,
2287,df0a8a00-7a05-11ec-90d6-0242ac120003,NULL,A14n-21,Piz Fluaz,
2288,81e515a1-4ec8-11e8-b59e-985fd331b2ee,NULL,E35-08,Vadret dal Giaviöl,
2289,8104528f-4ec8-11e8-a98c-985fd331b2ee,163,B44-19,Ghiacciaio del Pizzo Rotondo W,rotondow
2290,df0aa3f0-7a05-11ec-90d6-0242ac120003,NULL,A50h-11,Täli,
2291,df0b3cfc-7a05-11ec-90d6-0242ac120003,NULL,A54e-45,Wysse Schjien E,
2292,80aac0e1-4ec8-11e8-95fc-985fd331b2ee,NULL,A54g-59,Hinder Triftgletscher  E,
2293,80ad8000-4ec8-11e8-a11e-985fd331b2ee,NULL,A54g-60,Vorder Triftgletscher,
2294,bb1d8ea2-74a9-11ea-bc55-0242ac130003,NULL,C84-27,Vadrec dal Cantun E,
2295,bb1d8dda-74a9-11ea-bc55-0242ac130003,NULL,E26-08,Murtairac,
2296,80565f4f-4ec8-11e8-a293-985fd331b2ee,NULL,A54l-40,Brät,
2297,822727ae-4ec8-11e8-9dda-985fd331b2ee,204,B24-03,Glacier de la Plaine Morte E,
2298,82263d51-4ec8-11e8-86af-985fd331b2ee,NULL,B45-12,Sulzgletscher N,
2299,7f20c580-4ec8-11e8-8e57-985fd331b2ee,NULL,B16-07,Glacier de Culan,
2300,8071d68f-4ec8-11e8-9aa4-985fd331b2ee,7,B47-04,Chaltwassergletscher,kaltwasser
2301,800dbd8f-4ec8-11e8-9480-985fd331b2ee,NULL,B32-09,Tyfelsgrat,
2302,80452140-4ec8-11e8-aea9-985fd331b2ee,364,B50-02,Gamsagletscher,gamsa
2303,80515640-4ec8-11e8-b4ef-985fd331b2ee,NULL,B51-12,Hohlaubgletscher (Lagginhorn),lagginjoch
2304,8048cac0-4ec8-11e8-b6a6-985fd331b2ee,NULL,B51-14,Mälligagletscher,maelliga
2305,8049b51e-4ec8-11e8-84e7-985fd331b2ee,354,B51-05,Grüebugletscher,gruebu
2306,805a08cf-4ec8-11e8-bb8d-985fd331b2ee,362,B52-06,Rotblattgletscher,rotblatt
2307,8013ff1e-4ec8-11e8-b760-985fd331b2ee,11,B52-29,Allalingletscher,allalin
2308,80482e80-4ec8-11e8-94fb-985fd331b2ee,178,B51-10,Lagginhorn,lagginhorn
2309,7ffaaac0-4ec8-11e8-a22b-985fd331b2ee,NULL,B55-14,Weingartengletscher S,weingarten-s
2310,7fdd85d1-4ec8-11e8-8c83-985fd331b2ee,NULL,B32-19,Wilerhorn,
2311,7fdb62ee-4ec8-11e8-9bf8-985fd331b2ee,NULL,B32-24,Hohgleifa,
2312,802abb70-4ec8-11e8-bc5b-985fd331b2ee,NULL,B35-11,Unnerbächhorn S,
2313,8032d1c0-4ec8-11e8-a14f-985fd331b2ee,NULL,B36-03,Unnerbächhorn E,
2314,803e6a80-4ec8-11e8-be96-985fd331b2ee,NULL,B36-27,Äbeni Flue S,
2315,805770c0-4ec8-11e8-b797-985fd331b2ee,363,B52-11,Furggengletscher,furggen
2316,806f3e80-4ec8-11e8-90b2-985fd331b2ee,NULL,B36-31,Schönbühlgetscher E,
2317,802bcce1-4ec8-11e8-8550-985fd331b2ee,NULL,B36-38,Beichgrat N,
2318,82241a6e-4ec8-11e8-a7bb-985fd331b2ee,8,B52-20,Tällibodengletscher,taelliboden
2319,8033e330-4ec8-11e8-a89b-985fd331b2ee,173,B52-22,Seewjinengletscher,seewjinen
2320,80200d0f-4ec8-11e8-84c6-985fd331b2ee,10,B52-24,Schwarzberggletscher,schwarzberg
2321,803a72e1-4ec8-11e8-bb79-985fd331b2ee,NULL,B36-39,Distelgletscher  S,
2322,8031e761-4ec8-11e8-912f-985fd331b2ee,NULL,B36-40,Schinhorn,
2323,803c208f-4ec8-11e8-bec5-985fd331b2ee,NULL,B36-41,Sattelhorn S,
2324,804d5ea1-4ec8-11e8-a82c-985fd331b2ee,NULL,B36-44,Fusshörner,
2325,8016972e-4ec8-11e8-853b-985fd331b2ee,174,B52-32,Hohlaubgletscher,hohlaub
2326,8065a18f-4ec8-11e8-bbb8-985fd331b2ee,NULL,B36-50,Grünegg,
2327,80674f40-4ec8-11e8-8b1d-985fd331b2ee,NULL,B36-54,Chamm W,
2328,806db7e1-4ec8-11e8-be16-985fd331b2ee,NULL,B36-56,Schönbühlgetscher W,
2329,8005ce4f-4ec8-11e8-8fd1-985fd331b2ee,13,B53-04,Feegletscher,fee
2330,7f45d9b0-4ec8-11e8-90a7-985fd331b2ee,NULL,B82-09,Le Parrain,
2331,800b2580-4ec8-11e8-80e9-985fd331b2ee,176,B53-06,Fallgletscher,fall
2332,80077c00-4ec8-11e8-a5bc-985fd331b2ee,156,B53-07,Hohbalmgletscher,hohbalm
2333,800f4430-4ec8-11e8-972b-985fd331b2ee,177,B53-08,Bidergletscher,bider
2334,7f4a4680-4ec8-11e8-8318-985fd331b2ee,NULL,B82-10,Col du Crêt,
2335,7f56a28f-4ec8-11e8-a44e-985fd331b2ee,NULL,B82-13,Le Pleureur S,
2336,642be5da-8d9a-4b72-88ea-4065d83df0d3,NULL,E51-18,Piz Fliana,
2337,dd405d38-2afe-469c-b41f-14dc36170d7d,NULL,E23-21,Vadret da Tschierva E,
2338,7f5d594f-4ec8-11e8-845a-985fd331b2ee,NULL,B82-31,Tsoume des Bouchs N,
2339,7f333c0f-4ec8-11e8-9fdc-985fd331b2ee,NULL,B84-12,Les Luisettes,
2340,7ffca691-4ec8-11e8-a8b6-985fd331b2ee,17,B54-03,Riedgletscher,ried
2341,7f15a1ee-4ec8-11e8-8cad-985fd331b2ee,NULL,B85-22,Clochers du Portalet W,
2342,7ff21f40-4ec8-11e8-8062-985fd331b2ee,189,B55-04,Hobärggletscher,hohberg
2343,814f6551-4ec8-11e8-b060-985fd331b2ee,NULL,C32-05,Pizzo Campolungo,
2344,804e4900-4ec8-11e8-938f-985fd331b2ee,9,B52-17,Ofentalgletscher,ofental
2345,7ff7c48f-4ec8-11e8-9cfb-985fd331b2ee,188,B55-07,Festigletscher,festi
2346,7ff74f5e-4ec8-11e8-8af7-985fd331b2ee,361,B55-08,Kingletscher,kin
2347,81577ba1-4ec8-11e8-a100-985fd331b2ee,NULL,C32-07,Lavina di Crozlina,
2348,7ffea261-4ec8-11e8-adef-985fd331b2ee,185,B55-12,Weingartengletscher,weingarten
2349,810256c0-4ec8-11e8-9934-985fd331b2ee,NULL,C35-02,Chüebodenhorn,
2350,81421ede-4ec8-11e8-90b6-985fd331b2ee,NULL,C36-04,Pizzo Centrale,
2351,800447b0-4ec8-11e8-80df-985fd331b2ee,183,B55-16,Alphubelgletscher,alphubel
2352,81985530-4ec8-11e8-b0c6-985fd331b2ee,NULL,C43-03,Blattaberg NW,
2353,8002c10f-4ec8-11e8-a586-985fd331b2ee,184,B55-18,Mellichgletscher,mellich
2354,81943680-4ec8-11e8-a108-985fd331b2ee,NULL,C43-06,Cima di Aquila,
2355,819547f0-4ec8-11e8-8341-985fd331b2ee,NULL,C43-07,Pizzo di Cassimoi NW,
2356,8232c070-4ec8-11e8-abdb-985fd331b2ee,NULL,C84-18,Ago di Sciora,
2357,820bb070-4ec8-11e8-bec7-985fd331b2ee,NULL,C92-05,Varuna,
2358,822c7ede-4ec8-11e8-9819-985fd331b2ee,NULL,C93-01,Piz Varuna,
2359,82237e30-4ec8-11e8-a976-985fd331b2ee,NULL,C85-11,Vadrec dal Cengal E,
2360,8202d6cf-4ec8-11e8-b777-985fd331b2ee,NULL,E15-09,Clüx,
2361,8203730f-4ec8-11e8-9966-985fd331b2ee,NULL,E15-10,Olivet,
2362,82357f8f-4ec8-11e8-a58d-985fd331b2ee,NULL,E42-09,Vadret Vallorgia W,
2363,7f22e861-4ec8-11e8-83fc-985fd331b2ee,NULL,B16-04,Mauvais Glacier S,
2364,7f23abae-4ec8-11e8-9fea-985fd331b2ee,NULL,B16-10,Mauvais Glacier N,
2365,800b9aae-4ec8-11e8-a4bc-985fd331b2ee,16,B56-03,Findelgletscher,findelen
2366,800a8940-4ec8-11e8-8bd0-985fd331b2ee,383,B56-14,Adlergletscher,adler
2367,7fdce98f-4ec8-11e8-9185-985fd331b2ee,14,B56-07,Gornergletscher,gorner
2368,7fadc340-4ec8-11e8-bb58-985fd331b2ee,182,B57-16,Triftgletscher (Zermatt),triftzermatt
2369,7fb31a70-4ec8-11e8-8d99-985fd331b2ee,186,B58-02,Hohlichtgletscher,hohlicht
2370,7fba6d70-4ec8-11e8-9275-985fd331b2ee,187,B58-04,Schaligletscher,schali
2371,7fa64930-4ec8-11e8-b42c-985fd331b2ee,197,B60-12,Diablons Gletscher,diablos
2372,7f2188cf-4ec8-11e8-929d-985fd331b2ee,NULL,B16-12,Glacier de Pierrendar E,
2373,7fb7120f-4ec8-11e8-be72-985fd331b2ee,180,B56-30,Oberer Theodulgletscher,theodul
2374,7fb00d30-4ec8-11e8-aa2a-985fd331b2ee,181,B56-31,Furgggletscher,furgg
2375,7f9a3b40-4ec8-11e8-9c5e-985fd331b2ee,15,B57-05,Zmuttgletscher,zmutt
2376,7f540a80-4ec8-11e8-af71-985fd331b2ee,NULL,B23-03,Glacier du Wildhorn,
2377,7f59fdf0-4ec8-11e8-8f1d-985fd331b2ee,NULL,B23-07,Glacier du Wildhorn NE,
2378,7f9d4880-4ec8-11e8-a523-985fd331b2ee,124,B57-10,Hohwänggletscher,hohwaeng
2379,7f6d37cf-4ec8-11e8-af8b-985fd331b2ee,NULL,B23-09,Glacier de la Plaine Morte W,
2380,7fa7338f-4ec8-11e8-ac48-985fd331b2ee,125,B57-14,Gabelhorngletscher,gabelhorn
2381,80088d6e-4ec8-11e8-a3e8-985fd331b2ee,NULL,B30-23,Breithorn,
2382,8007ca21-4ec8-11e8-b7c4-985fd331b2ee,NULL,B30-24,Kleines Breithorn,
2383,823be830-4ec8-11e8-b3d9-985fd331b2ee,NULL,B30-25,Tschingelhorn,
2384,801c638f-4ec8-11e8-a9a8-985fd331b2ee,NULL,B31-03,Jegigletscher E,
2385,803346f0-4ec8-11e8-b09f-985fd331b2ee,NULL,B31-07,Distlighorn N,
2386,802dc8b0-4ec8-11e8-8dbe-985fd331b2ee,NULL,B31-08,Schinhorn W,
2387,8026278f-4ec8-11e8-9b78-985fd331b2ee,NULL,B31-09,Tiertossen,
2388,801f97de-4ec8-11e8-9fa3-985fd331b2ee,NULL,B31-10,Beichpass N,
2389,7fbb09b0-4ec8-11e8-a935-985fd331b2ee,107,B58-08,Bisgletscher,bis
2390,8010cacf-4ec8-11e8-a946-985fd331b2ee,NULL,B31-14,Jegigletscher SW,
2391,800d2151-4ec8-11e8-9f5d-985fd331b2ee,NULL,B31-15,Breithorn SE,
2392,801389ee-4ec8-11e8-a683-985fd331b2ee,NULL,B31-16,Jegigletscher W ,
2393,80325c91-4ec8-11e8-9ff8-985fd331b2ee,NULL,B31-20,Anuchnubel,
2394,7fc67b61-4ec8-11e8-ba63-985fd331b2ee,365,B58-15,Undere Stelligletscher,ustelli
2395,80367b40-4ec8-11e8-aa74-985fd331b2ee,NULL,B31-21,Distlighorn NE,
2396,802d5380-4ec8-11e8-a99f-985fd331b2ee,NULL,B31-22,Schinhorn SW,
2397,8015acd1-4ec8-11e8-906e-985fd331b2ee,NULL,B31-25,Breithorn,
2398,8012edb0-4ec8-11e8-a927-985fd331b2ee,NULL,B31-26,Breithorn W,
2399,7ffb1ff0-4ec8-11e8-8858-985fd331b2ee,NULL,B32-04,Innre Stampbachgletscher,
2400,80053211-4ec8-11e8-bcf4-985fd331b2ee,NULL,B32-11,Breitlauijoch,
2401,80009e30-4ec8-11e8-b73d-985fd331b2ee,NULL,B32-12,Oigstchummungletscher S,
2402,7fe17d70-4ec8-11e8-b798-985fd331b2ee,NULL,B32-17,Schwarzhorn  (Lötschental),
2403,7fde7030-4ec8-11e8-a09d-985fd331b2ee,NULL,B33-02,Joligletscher,
2404,7fb4a10f-4ec8-11e8-8ed2-985fd331b2ee,19,B60-09,Turtmanngletscher,turtmann
2405,7fe2b5f0-4ec8-11e8-baee-985fd331b2ee,NULL,B33-03,Bietschgletscher W,
2406,7ff92421-4ec8-11e8-b5f8-985fd331b2ee,NULL,B33-05,Bietschhorn E,
2407,7fbf014f-4ec8-11e8-83a2-985fd331b2ee,20,B60-20,Brunegggletscher,brunegg
2408,7fb38f9e-4ec8-11e8-a33d-985fd331b2ee,200,B62-07,Glacier du Weisshorn,weisshorn
2409,7ff0bfb0-4ec8-11e8-9326-985fd331b2ee,NULL,B33-08,Bietschhorn W,
2410,7faa8ef0-4ec8-11e8-946d-985fd331b2ee,23,B62-10,Glacier de Moming,moming
2411,822e0580-4ec8-11e8-8346-985fd331b2ee,NULL,B33-11,Nestgletscher S,
2412,800001ee-4ec8-11e8-a128-985fd331b2ee,NULL,B34-01,Stockhorn,
2413,801e8670-4ec8-11e8-9ca9-985fd331b2ee,175,B53-14,Chessjengletscher NW,chessjen
2414,7f732b40-4ec8-11e8-ac50-985fd331b2ee,381,B73-07,Glacier de Bertol,bertol
2415,7f65e4cf-4ec8-11e8-9fd1-985fd331b2ee,208,B73-24,Glacier Supérieur des Aiguilles Rouges,aiguillesrouges
2416,7f9cd34f-4ec8-11e8-b0d8-985fd331b2ee,22,B63-05,Glacier de Zinal,zinal
2417,7ffdb800-4ec8-11e8-ad75-985fd331b2ee,NULL,B34-04,Tieregghorn,
2418,7ffc3161-4ec8-11e8-b34f-985fd331b2ee,NULL,B34-05,Tiereggsattel,
2419,8017a8a1-4ec8-11e8-bbc0-985fd331b2ee,NULL,B34-07,Gredetschjoch,
2420,801b7930-4ec8-11e8-8da6-985fd331b2ee,NULL,B35-01,Gredetschgletscher,
2421,8024a0ee-4ec8-11e8-bc50-985fd331b2ee,NULL,B35-02,Gredetschgletscher E,
2422,7f8fdb00-4ec8-11e8-8487-985fd331b2ee,24,B64-02,Glacier de Moiry,moiry
2423,802cb740-4ec8-11e8-91fa-985fd331b2ee,NULL,B35-03,Gänderhorn,
2424,802f4f51-4ec8-11e8-8166-985fd331b2ee,NULL,B35-05,Unnerbächgletscher,
2425,80345861-4ec8-11e8-acfe-985fd331b2ee,NULL,B35-06,Unnerbächgletscher N,
2426,803ae811-4ec8-11e8-9715-985fd331b2ee,NULL,B35-07,Unnerbächgletscher E,
2427,80211e80-4ec8-11e8-93c9-985fd331b2ee,NULL,B35-09,Nesthorn S,
2428,8028e6b0-4ec8-11e8-9a5f-985fd331b2ee,NULL,B35-10,Unnerbächhorn,
2429,803765a1-4ec8-11e8-b88d-985fd331b2ee,NULL,B35-15,Unnerbächgletscher NE,
2430,803df54f-4ec8-11e8-a346-985fd331b2ee,NULL,B36-02,Kortälli,
2431,802b309e-4ec8-11e8-b72b-985fd331b2ee,NULL,B36-04,Nesthorn N,
2432,7f8071b0-4ec8-11e8-8a31-985fd331b2ee,25,B72-11,Glacier de Ferpècle,ferpecle
2433,801dea30-4ec8-11e8-9ca9-985fd331b2ee,NULL,B36-05,Beichspitza,
2434,80238f80-4ec8-11e8-aa10-985fd331b2ee,NULL,B36-07,Beichgrat W,
2435,7f7acc61-4ec8-11e8-8917-985fd331b2ee,26,B72-15,Glacier du Mont Miné,montmine
2436,8028235e-4ec8-11e8-beb0-985fd331b2ee,NULL,B36-08,Beichgrat E,
2437,803542c0-4ec8-11e8-a9fd-985fd331b2ee,NULL,B36-09,Südliches Wysshorn,
2438,80398880-4ec8-11e8-acdc-985fd331b2ee,NULL,B36-11,Distelgletscher,
2439,80385000-4ec8-11e8-aad8-985fd331b2ee,NULL,B36-12,Nördliches Wysshorn,
2440,8041028f-4ec8-11e8-81de-985fd331b2ee,NULL,B36-13,Kleines Aletschhorn,
2441,8054d8ae-4ec8-11e8-b9c5-985fd331b2ee,NULL,B36-18,Zenbächengletscher,
2442,806182e1-4ec8-11e8-ad1e-985fd331b2ee,NULL,B36-19,Vorderes Zenbächenhorn,
2443,805eeacf-4ec8-11e8-b0aa-985fd331b2ee,NULL,B36-20,Zenbächenhorn E,
2444,8063a5c0-4ec8-11e8-870b-985fd331b2ee,NULL,B36-22,Olmenhorn,
2445,805ffc40-4ec8-11e8-90fb-985fd331b2ee,NULL,B36-23,Kleines Dreieckhorn S,
2446,80604a5e-4ec8-11e8-9288-985fd331b2ee,NULL,B36-24,Kleines Dreieckhorn E,
2447,7f72b60f-4ec8-11e8-ad81-985fd331b2ee,205,B73-12,Haut Glacier d'Arolla,arollahaut
2448,7f6dad00-4ec8-11e8-bc45-985fd331b2ee,27,B73-14,Bas Glacier d'Arolla,arolla
2449,7f6c2661-4ec8-11e8-b71c-985fd331b2ee,128,B73-15,Glacier de Pièce,piece
2450,7f68f20f-4ec8-11e8-be8f-985fd331b2ee,28,B73-16,Glacier de Tsijiore Nouve,tsidjiore
2451,805f8711-4ec8-11e8-a0a5-985fd331b2ee,NULL,B36-25,Kleines Dreieckhorn N,
2452,8055c30f-4ec8-11e8-b807-985fd331b2ee,NULL,B36-28,Kranzbergfirn,
2453,80730f11-4ec8-11e8-ad82-985fd331b2ee,NULL,B36-32,Wannenhorngletscher NW,
2454,80769180-4ec8-11e8-b57c-985fd331b2ee,NULL,B36-33,Wannenhorngletscher SE,
2455,80242bc0-4ec8-11e8-b009-985fd331b2ee,NULL,B36-35,Nesthorn,
2456,8025b25e-4ec8-11e8-abc2-985fd331b2ee,NULL,B36-37,Beichgrat NW,
2457,804ebe30-4ec8-11e8-9e2e-985fd331b2ee,NULL,B36-43,Rotstock,
2458,80493fee-4ec8-11e8-a7cc-985fd331b2ee,NULL,B36-46,Aletschhorn,
2459,8064b730-4ec8-11e8-829c-985fd331b2ee,NULL,B36-47,Olmenhorn,
2460,806fb3b0-4ec8-11e8-996a-985fd331b2ee,NULL,B36-52,Wyssnollen,
2461,823f1c80-4ec8-11e8-a85c-985fd331b2ee,NULL,B36-57,Geisshorn,
2462,80750ae1-4ec8-11e8-8522-985fd331b2ee,NULL,B40-01,Senfspitze S,
2463,7f60b4b0-4ec8-11e8-8af5-985fd331b2ee,29,B74-08,Glacier de Cheilon,cheillon
2464,8078db70-4ec8-11e8-b5a0-985fd331b2ee,NULL,B40-03,Senfspitze E,
2465,7f5ac140-4ec8-11e8-b0cb-985fd331b2ee,30,B74-11,Glacier de l'En Darrey,endarrey
2466,80786640-4ec8-11e8-9bb8-985fd331b2ee,NULL,B40-04,Klein Wannenhorn S,
2467,807c0fc0-4ec8-11e8-b9ac-985fd331b2ee,NULL,B40-05,Klein Wannenhorn SE,
2468,80818e00-4ec8-11e8-835a-985fd331b2ee,NULL,B40-09,Finsteraarhorn,
2469,8075f540-4ec8-11e8-8c2c-985fd331b2ee,NULL,B40-11,Senfspitze SE,
2470,80822a40-4ec8-11e8-bca8-985fd331b2ee,NULL,B40-13,Triftgletscher N (Fieschertal),
2471,80892f21-4ec8-11e8-90c4-985fd331b2ee,NULL,B40-15,Gemschlicke,
2472,809bf3cf-4ec8-11e8-89ca-985fd331b2ee,NULL,B40-20,Oberaarhorn,
2473,7f3c63d1-4ec8-11e8-a58b-985fd331b2ee,210,B75-09,Glacier du Mont Fort,fort
2474,7f469d00-4ec8-11e8-91d0-985fd331b2ee,31,B75-06,Grand Désert,granddesert
2475,7f299f1e-4ec8-11e8-bf78-985fd331b2ee,219,B84-20,Glacier de Pro,pro
2476,7f38ba4f-4ec8-11e8-b47f-985fd331b2ee,32,B75-12,Glacier de Tortin,montfort
2477,8239ec61-4ec8-11e8-ada5-985fd331b2ee,218,B84-22,Plateau des Maisons Blanches,maisonsblances
2478,809f281e-4ec8-11e8-b0f2-985fd331b2ee,NULL,B41-04,Vorderes Galmihorn,
2479,8034cd91-4ec8-11e8-b1f7-985fd331b2ee,NULL,B36-10,Oberer Torberg,
2480,8098715e-4ec8-11e8-b725-985fd331b2ee,NULL,B41-08,Wasenhorn SE,
2481,809c900f-4ec8-11e8-b3ea-985fd331b2ee,NULL,B41-09,Oberlicke,
2482,7f5bd2ae-4ec8-11e8-b55b-985fd331b2ee,37,B82-14,Glacier du Giétro,gietro
2483,80d5a170-4ec8-11e8-be26-985fd331b2ee,NULL,B43-01,Gärstengrat,
2484,7f601870-4ec8-11e8-9a20-985fd331b2ee,36,B82-19,Glacier du Brenay,breney
2485,80ecd2f0-4ec8-11e8-abb2-985fd331b2ee,NULL,B43-05,Galengrat N,
2486,80ead71e-4ec8-11e8-bd29-985fd331b2ee,NULL,B43-07,Galengletscher,
2487,80e754b0-4ec8-11e8-9575-985fd331b2ee,NULL,B43-09,Sidelenhorn,
2488,7f698e51-4ec8-11e8-877b-985fd331b2ee,34,B82-27,Glacier d'Otemma,otemma
2489,7f5e91cf-4ec8-11e8-a2f5-985fd331b2ee,212,B82-30,Glacier d'Epicoune,epicoune
2490,80fdc2e1-4ec8-11e8-9303-985fd331b2ee,NULL,B44-10,Stotzig Muttenhorn,
2491,7f589e61-4ec8-11e8-9be9-985fd331b2ee,213,B82-33,Glacier de Crête Sèche,creteseche
2492,7f519980-4ec8-11e8-808e-985fd331b2ee,214,B82-34,Glacier de Fenêtre,fenetre
2493,80fe380f-4ec8-11e8-9639-985fd331b2ee,NULL,B44-11,Saasgletscher,
2494,7f3b2b4f-4ec8-11e8-9f82-985fd331b2ee,35,B82-36,Glacier du Mont Durand,montdurand
2495,80fa1961-4ec8-11e8-bc18-985fd331b2ee,NULL,B44-12,Saashörner,
2496,810d7a4f-4ec8-11e8-8295-985fd331b2ee,NULL,B44-16,Gerengletscher N,
2497,80fa8e91-4ec8-11e8-bbd5-985fd331b2ee,NULL,B44-22,Oberer Chüebodengletscher,
2498,7f41bb00-4ec8-11e8-9f2a-985fd331b2ee,215,B82-41,Glacier de la Tsessette,tsesette
2499,7f3dc35e-4ec8-11e8-a401-985fd331b2ee,217,B82-44,Glacier du Tournelon Blanc,tournelonblanc
2500,7f3e5fa1-4ec8-11e8-904b-985fd331b2ee,216,B82-45,Glacier de Bocheresse,bocheresse
2501,80eecec0-4ec8-11e8-bd44-985fd331b2ee,NULL,B44-24,Sidelengletscher S (VS),
2502,80e001b0-4ec8-11e8-aecb-985fd331b2ee,NULL,B44-28,Blasgletscher SE,
2503,80df174f-4ec8-11e8-a428-985fd331b2ee,NULL,B45-02,Chilchweng,
2504,80de05e1-4ec8-11e8-b474-985fd331b2ee,NULL,B45-03,Nufenenstock W,
2505,80c7e5d1-4ec8-11e8-9252-985fd331b2ee,NULL,B45-07,Merzebachgletscher W,
2506,7f35fb30-4ec8-11e8-bc7b-985fd331b2ee,38,B83-03,Glacier de Corbassière,corbassiere
2507,80c8f740-4ec8-11e8-bcdf-985fd331b2ee,NULL,B45-08,Sulzgletscher W,
2508,8236df21-4ec8-11e8-b436-985fd331b2ee,NULL,B45-10,Rappehorn,
2509,80e11321-4ec8-11e8-abf5-985fd331b2ee,NULL,B45-11,Nufenenstock N,
2510,7f2e5a11-4ec8-11e8-8e35-985fd331b2ee,373,B83-09,Glacier du Petit Combin,petitcombin
2511,80d29430-4ec8-11e8-b8db-985fd331b2ee,NULL,B45-15,Fühlhorn ,
2512,80cb6840-4ec8-11e8-b881-985fd331b2ee,NULL,B45-20,Merzebachgletscher E,
2513,8228d561-4ec8-11e8-b41e-985fd331b2ee,NULL,B45-33,Blinnjoch,
2514,80c3ee30-4ec8-11e8-ac81-985fd331b2ee,NULL,B45-25,Blinnengletscher E,
2515,80ba9f5e-4ec8-11e8-b8bf-985fd331b2ee,NULL,B45-32,Herchumme,
2516,82375451-4ec8-11e8-aded-985fd331b2ee,NULL,B45-34,Rappegletscher E,
2517,7f2c854f-4ec8-11e8-8cbf-985fd331b2ee,41,B84-04,Glacier de Boveire,boveyre
2518,80b9b500-4ec8-11e8-b8e5-985fd331b2ee,NULL,B46-10,Schingletscher,
2519,80ae9170-4ec8-11e8-b34a-985fd331b2ee,NULL,B46-11,Fleschhorn,
2520,7f344d80-4ec8-11e8-83bf-985fd331b2ee,157,B84-11,Glacier du Sonadon,sonadon
2521,80ace3c0-4ec8-11e8-adb3-985fd331b2ee,NULL,B46-13,Wannigletscher,
2522,7f2bc200-4ec8-11e8-b266-985fd331b2ee,39,B84-15,Glacier de Valsorey,valsorey
2523,7f2afeb0-4ec8-11e8-acf4-985fd331b2ee,40,B84-17,Glacier du Tseudet,tseudet
2524,8225c821-4ec8-11e8-854b-985fd331b2ee,NULL,B46-14,Punta Dèvero ,
2525,80a51b8f-4ec8-11e8-b157-985fd331b2ee,NULL,B46-16,Helsenhorn,
2526,80a20e4f-4ec8-11e8-9db3-985fd331b2ee,NULL,B46-17,Helsegletscher,
2527,8089cb61-4ec8-11e8-aeab-985fd331b2ee,NULL,B46-20,Hillegletscher S,
2528,7f166540-4ec8-11e8-8917-985fd331b2ee,220,B85-04,Glacier du Dolent,dolent
2529,8087816e-4ec8-11e8-a399-985fd331b2ee,NULL,B46-22,Mättitalgletscher W,
2530,7f1505b0-4ec8-11e8-b2f8-985fd331b2ee,129,B85-07,Glacier de l'A Neuve,aneuve
2531,7f1a0ec0-4ec8-11e8-8c6b-985fd331b2ee,221,B85-13,Glacier des Planereuses,planreuses
2532,7f05ea80-4ec8-11e8-a299-985fd331b2ee,223,B93-03,Glacier Noir,noir
2533,7f083470-4ec8-11e8-aa42-985fd331b2ee,224,B93-06,Plan Névé,planneve
2534,7f13a61e-4ec8-11e8-abe9-985fd331b2ee,42,B85-16,Glacier de Saleinaz,saleina
2535,8060bf8f-4ec8-11e8-8471-985fd331b2ee,376,C00-08,Zwischbergengletscher,zwischbergen
2536,80b3254f-4ec8-11e8-aa65-985fd331b2ee,NULL,B46-36,Rothorn,
2537,7f1071cf-4ec8-11e8-acf5-985fd331b2ee,108,B85-23,Glacier d'Orny,orny
2538,80af7bcf-4ec8-11e8-9fff-985fd331b2ee,NULL,B46-37,Schwarzhorn  (Binn),
2539,80a28380-4ec8-11e8-abbf-985fd331b2ee,NULL,B46-42,Vordere Helse,
2540,8090f74f-4ec8-11e8-b16b-985fd331b2ee,NULL,B46-44,Ritterpass,
2541,808e5f40-4ec8-11e8-bd9e-985fd331b2ee,NULL,B46-45,Chummibort,
2542,7f0eeb30-4ec8-11e8-aab0-985fd331b2ee,43,B90-02,Glacier du Trient,trient
2543,808a679e-4ec8-11e8-9eed-985fd331b2ee,NULL,B46-46,Hillegletscher N,
2544,82433b2e-4ec8-11e8-b5b6-985fd331b2ee,159,B90-06,Glacier des Petoudes,petoudes
2545,807028e1-4ec8-11e8-9a7d-985fd331b2ee,NULL,B47-03,Tunnelspitz,
2546,806ec94f-4ec8-11e8-84f1-985fd331b2ee,NULL,B47-09,Punta Terrarossa,
2547,8045bd80-4ec8-11e8-b8bf-985fd331b2ee,NULL,B51-02,Mattwaldgletscher W,
2548,8053ee51-4ec8-11e8-a34d-985fd331b2ee,NULL,B51-09,Fletschhorngletscher,
2549,8235f4c0-4ec8-11e8-b502-985fd331b2ee,NULL,B52-01,Triftgrat SE,
2550,805574f0-4ec8-11e8-9cd5-985fd331b2ee,NULL,B52-02,Rottalgletscher (VS),
2551,805cef00-4ec8-11e8-8f18-985fd331b2ee,NULL,B52-04,Rotblattgletscher N,
2552,804ff6b0-4ec8-11e8-849b-985fd331b2ee,NULL,B52-12,Nollengletscher E (VS),
2553,804ac68f-4ec8-11e8-a088-985fd331b2ee,NULL,B52-13,Nollengletscher W (VS),
2554,802193b0-4ec8-11e8-bedd-985fd331b2ee,NULL,B52-25,Fluchthorn E,
2555,801cffcf-4ec8-11e8-ba6b-985fd331b2ee,NULL,B52-26,Fluchthorn W,
2556,8027871e-4ec8-11e8-a015-985fd331b2ee,NULL,B52-28,Üssere Turu,
2557,801f22ae-4ec8-11e8-a581-985fd331b2ee,NULL,B52-31,Hohlaubgrat,
2558,82294a91-4ec8-11e8-98ed-985fd331b2ee,NULL,B52-36,Weissmies S,
2559,801bee5e-4ec8-11e8-b6a2-985fd331b2ee,NULL,B52-64,Schwarzberggletscher W,
2560,80170c5e-4ec8-11e8-ad20-985fd331b2ee,NULL,B52-65,Strahlhorn,
2561,7fff1791-4ec8-11e8-ba61-985fd331b2ee,NULL,B53-05,Domjoch E,
2562,80127880-4ec8-11e8-8d56-985fd331b2ee,NULL,B53-23,Chäste,
2563,800fe070-4ec8-11e8-ba8e-985fd331b2ee,NULL,B53-25,Balfringletscher SE,
2564,823a618f-4ec8-11e8-97c0-985fd331b2ee,NULL,B53-26,Ulrichshorn,
2565,823d20b0-4ec8-11e8-8e1e-985fd331b2ee,NULL,B53-27,Gross Bigerhorn SE,
2566,7ffd1bc0-4ec8-11e8-8b4e-985fd331b2ee,NULL,B54-01,Klein Bigerhorn,
2567,823d95de-4ec8-11e8-8eeb-985fd331b2ee,NULL,B54-05,Gross Bigerhorn SW,
2568,7ff02370-4ec8-11e8-844a-985fd331b2ee,NULL,B55-09,Kingletscher S,
2569,7ff99951-4ec8-11e8-a29e-985fd331b2ee,NULL,B55-13,Weingartengletscher SE,
2570,8006dfc0-4ec8-11e8-8027-985fd331b2ee,NULL,B55-17,Feechopf,
2571,8003d280-4ec8-11e8-92fe-985fd331b2ee,NULL,B55-19,Längfluegletscher,
2572,7fe10840-4ec8-11e8-98b0-985fd331b2ee,NULL,B55-24,Oberrothorn N,
2573,7fdf81a1-4ec8-11e8-9ea6-985fd331b2ee,NULL,B55-25,Oberrothorn NW,
2574,7ffb9521-4ec8-11e8-b2ac-985fd331b2ee,NULL,B55-28,Domjoch W,
2575,805267b0-4ec8-11e8-b67c-985fd331b2ee,105,C02-04,Rossbodegletscher,rossboden
2576,7ff68c11-4ec8-11e8-ad1d-985fd331b2ee,NULL,B55-29,Täschhorn,
2577,7fff8cc0-4ec8-11e8-af69-985fd331b2ee,NULL,B55-34,Alphubel,
2578,8009029e-4ec8-11e8-93c2-985fd331b2ee,NULL,B55-36,Mellichgletscher S,
2579,800224d1-4ec8-11e8-b56d-985fd331b2ee,NULL,B55-37,Längfluegletscher N,
2580,822ea1c0-4ec8-11e8-ad20-985fd331b2ee,NULL,B55-38,Allalinhorn,
2581,81103970-4ec8-11e8-8d3b-985fd331b2ee,104,C14-10,Ghiacciaio del Basòdino,basodino
2582,822f16f0-4ec8-11e8-9102-985fd331b2ee,NULL,B55-39,Hobärghorn,
2583,8004bce1-4ec8-11e8-b3c8-985fd331b2ee,NULL,B56-01,Längfluegletscher S,
2584,7fe7e60f-4ec8-11e8-ad88-985fd331b2ee,NULL,B56-04,Triftjigletscher,
2585,7feb8f91-4ec8-11e8-a985-985fd331b2ee,NULL,B56-10,Monte Rosagletscher,
2586,81120e2e-4ec8-11e8-875b-985fd331b2ee,346,C35-05,Ghiacciaio di Pesciora,pesciora
2587,81789830-4ec8-11e8-b956-985fd331b2ee,353,C42-02,Vadrecc di Camadra,camadra
2588,819a29f0-4ec8-11e8-83d4-985fd331b2ee,350,C43-09,Vadrecc di Casletto,casletto
2589,81ac5261-4ec8-11e8-add0-985fd331b2ee,351,C51-02,Ghiacciaio de Stabi,stabi
2590,819d5e40-4ec8-11e8-ab3d-985fd331b2ee,103,C44-02,Vadrecc di Bresciana,bresciana
2591,81d6bdc0-4ec8-11e8-b1b1-985fd331b2ee,341,C83-15,Pass da Casnil,casnil
2592,81d0a340-4ec8-11e8-af22-985fd331b2ee,343,C85-06,Vadrec da la Bondasca,bondasca
2593,81cfb8de-4ec8-11e8-bdb1-985fd331b2ee,344,C85-08,Vadrec dal Cengal,cengal
2594,82060b1e-4ec8-11e8-8ee5-985fd331b2ee,316,E21-08,Diavolezza,diavolezza
2595,7f0dd9c0-4ec8-11e8-b7d6-985fd331b2ee,130,B90-04,Glacier des Grands,grands
2596,7fec79ee-4ec8-11e8-be8f-985fd331b2ee,NULL,B55-05,Hohgwächte,
2597,81ee8b80-4ec8-11e8-80d6-985fd331b2ee,378,E23-17,Vadret da l'Alp Ota,alpota
2598,81ed04e1-4ec8-11e8-a1f7-985fd331b2ee,377,E23-16,Vadret dal Murtèl,murtel
2599,81f1238f-4ec8-11e8-ba05-985fd331b2ee,315,E24-01,Vadret da Rosatsch,rosatsch
2600,81e4524f-4ec8-11e8-8607-985fd331b2ee,NULL,E26-02,Fedoz,
2601,7fa92f5e-4ec8-11e8-95a9-985fd331b2ee,NULL,B56-11,Furgggrat,
2602,81d8445e-4ec8-11e8-9ffa-985fd331b2ee,102,C83-12,Vadrec del Forno,forno
2603,81d473d1-4ec8-11e8-8890-985fd331b2ee,152,C84-09,Vadrec dal Cantun,cantun
2604,81d229de-4ec8-11e8-91db-985fd331b2ee,116,C84-16,Vadrec da l'Albigna,albigna
2605,800c0fde-4ec8-11e8-825e-985fd331b2ee,NULL,B56-13,Rimpfischsattel,
2606,7fd98e30-4ec8-11e8-a512-985fd331b2ee,NULL,B56-24,Kleiner Pollux,
2607,7fd23b30-4ec8-11e8-acb1-985fd331b2ee,NULL,B56-26,Breithorngletscher (Zermatt),
2608,7fbf7680-4ec8-11e8-b8ae-985fd331b2ee,NULL,B56-28,Unterer Theodulgletscher,
2609,8206804f-4ec8-11e8-8aeb-985fd331b2ee,100,C93-04,Vadret da Palü,palue
2610,7fa22a80-4ec8-11e8-aae4-985fd331b2ee,NULL,B57-02,Matterhorngletscher,
2611,7f935d70-4ec8-11e8-af1e-985fd331b2ee,NULL,B57-06,Wandflue,
2612,82098d8f-4ec8-11e8-936e-985fd331b2ee,99,C93-09,Vadret dal Cambrena,cambrena
2613,82196c0f-4ec8-11e8-b379-985fd331b2ee,101,C95-01,Vedreit da Camp,paradisino
2614,7f9950e1-4ec8-11e8-bb4a-985fd331b2ee,NULL,B57-08,Dent Blance SE,
2615,7fa16730-4ec8-11e8-bf14-985fd331b2ee,NULL,B57-11,Arbengletscher W,
2616,7fa4264f-4ec8-11e8-92b5-985fd331b2ee,NULL,B57-12,Arbengletscher E,
2617,7fdbd81e-4ec8-11e8-b5a6-985fd331b2ee,NULL,B56-23,Schwärze,
2618,7f9e8100-4ec8-11e8-ba85-985fd331b2ee,NULL,B57-20,Tiefmattengletscher,
2619,7facfff0-4ec8-11e8-8a06-985fd331b2ee,NULL,B57-25,Wellenkuppe E,
2620,7fb11e9e-4ec8-11e8-87f4-985fd331b2ee,NULL,B57-27,Zinalrothorn,
2621,7fc1995e-4ec8-11e8-9fb2-985fd331b2ee,NULL,B58-05,Schaligletscher N,
2622,7fb871a1-4ec8-11e8-84ee-985fd331b2ee,NULL,B57-19,Rothorngletscher,
2623,81fdcdc0-4ec8-11e8-a3b5-985fd331b2ee,94,E22-03,Vadret da Morteratsch,morteratsch
2624,7f9bc1e1-4ec8-11e8-be48-985fd331b2ee,NULL,B57-21,Pointe de Zinal,
2625,7fa5acee-4ec8-11e8-befd-985fd331b2ee,NULL,B57-23,Mittler Gabelhorn,
2626,7fa7cfd1-4ec8-11e8-9c6d-985fd331b2ee,NULL,B57-24,Glacier de l'Obergabelhorn,
2627,81f73e0f-4ec8-11e8-baf1-985fd331b2ee,367,E23-03,Vadret da Misaun,misaun
2628,81f430cf-4ec8-11e8-8fd6-985fd331b2ee,93,E23-06,Vadret da Tschierva,tschierva
2629,81f1bfcf-4ec8-11e8-84aa-985fd331b2ee,92,E23-11,Vadret da Roseg,roseg
2630,7fc5df21-4ec8-11e8-a7d6-985fd331b2ee,NULL,B58-06,Schaligletscher E,
2631,7fca24de-4ec8-11e8-b466-985fd331b2ee,NULL,B58-07,Schmalgletscher,
2632,81eda121-4ec8-11e8-bc38-985fd331b2ee,312,E23-18,Vadret dal Corvatsch,corvatsch
2633,7fcd592e-4ec8-11e8-b57d-985fd331b2ee,NULL,B58-10,Rossgletscher,
2634,7fce91b0-4ec8-11e8-9c60-985fd331b2ee,NULL,B58-11,Holzgletscher,
2635,7fc6f091-4ec8-11e8-a1b2-985fd331b2ee,NULL,B58-12,Abberggletscher,
2636,7fc43170-4ec8-11e8-93fc-985fd331b2ee,NULL,B58-13,Schölligletscher,
2637,7fc87730-4ec8-11e8-836a-985fd331b2ee,NULL,B58-19,Junggletscher,
2638,7faf9800-4ec8-11e8-b830-985fd331b2ee,NULL,B58-25,Epaule,
2639,81fe42f0-4ec8-11e8-a3f7-985fd331b2ee,320,E20-02,Vadret Muragl,muragl
2640,81e7fbd1-4ec8-11e8-a90e-985fd331b2ee,149,E25-06,Vadret da Fex,fex
2641,81d907b0-4ec8-11e8-872a-985fd331b2ee,321,E35-19,Vadret d'Err S,errs
2642,81f3bba1-4ec8-11e8-ac7a-985fd331b2ee,326,E41-04,Vadret d'Es-cha,escha
2643,820520c0-4ec8-11e8-926c-985fd331b2ee,327,E43-04,Piz Vadret,pizvadret
2644,820e4880-4ec8-11e8-88d2-985fd331b2ee,334,E44-04,Vadret da Sarsura,sarsura
2645,821881b0-4ec8-11e8-9890-985fd331b2ee,337,E51-03,Plan Rai,planrai
2646,81ea93e1-4ec8-11e8-8c49-985fd331b2ee,323,E35-02,Vadret dal Piz Ot,pizot
2647,81fd0a70-4ec8-11e8-a12f-985fd331b2ee,372,E42-08,Vadret Scaletta,scalettawest
2648,82003ec0-4ec8-11e8-8ecc-985fd331b2ee,328,E42-10,Vadret Vallorgia,vallorgia
2649,821e9c2e-4ec8-11e8-a77a-985fd331b2ee,339,E73-02,Vadret da Fenga S (Krone),fenga
2650,81e71170-4ec8-11e8-a1a7-985fd331b2ee,311,E26-01,Vadrec da Fedoz,fedoz
2651,81fb35b0-4ec8-11e8-86e4-985fd331b2ee,NULL,E22-06,Vadret Prievlus,prievlus
2652,804b3bc0-4ec8-11e8-b172-985fd331b2ee,NULL,C02-05,Mattwaldgletscher E,mattwald
2653,82230900-4ec8-11e8-a7f2-985fd331b2ee,335,E45-08,Vadret da Grialetsch W,grialetsch
2654,7feeeaee-4ec8-11e8-bf80-985fd331b2ee,NULL,B55-02,Dirrugletscher,dirru
2655,82172221-4ec8-11e8-aa3c-985fd331b2ee,96,E50-07,Vadret Tiatscha,tiatscha
2656,8210e08f-4ec8-11e8-8bf5-985fd331b2ee,NULL,E46-06,Vadret Valtorta,vadretvaltorta
2657,7fb69cde-4ec8-11e8-a9c4-985fd331b2ee,NULL,B58-26,Hohlichtgletscher N,
2658,7fb5b280-4ec8-11e8-81ce-985fd331b2ee,NULL,B58-27,Hohlichtpass,
2659,7fb627b0-4ec8-11e8-8b2b-985fd331b2ee,NULL,B58-28,Schalihorn,
2660,7fc3bc40-4ec8-11e8-878f-985fd331b2ee,NULL,B58-31,Pipjigletscher E,
2661,7fc4a69e-4ec8-11e8-ae01-985fd331b2ee,NULL,B60-03,Brändjigletscher,
2662,7fbfebb0-4ec8-11e8-9328-985fd331b2ee,NULL,B60-04,Holesteigletscher,
2663,7fc20e8f-4ec8-11e8-a97d-985fd331b2ee,NULL,B60-05,Pipjigletscher W,
2664,7fbda1c0-4ec8-11e8-92ec-985fd331b2ee,NULL,B60-08,Chanzilti,
2665,7fa3b11e-4ec8-11e8-af57-985fd331b2ee,NULL,B60-13,Les Diablons,
2666,7fc12430-4ec8-11e8-8fc2-985fd331b2ee,NULL,B60-17,Üssers Barrhorn W,
2667,822f8c1e-4ec8-11e8-adbd-985fd331b2ee,NULL,B60-23,Stierbärg,
2668,7fb404cf-4ec8-11e8-aa6e-985fd331b2ee,NULL,B62-08,Glacier du Weisshorn S,
2669,7fb7fc70-4ec8-11e8-9b83-985fd331b2ee,NULL,B62-09,Schalijoch,
2670,8230285e-4ec8-11e8-81fb-985fd331b2ee,NULL,B62-11,Weisshornjoch,
2671,82309d8f-4ec8-11e8-b23e-985fd331b2ee,NULL,B62-12,Grand Gendarme,
2672,7fae5f80-4ec8-11e8-9e0f-985fd331b2ee,NULL,B62-13,Tête de Milon,
2673,7fb193cf-4ec8-11e8-a717-985fd331b2ee,NULL,B62-16,Arpitettaz,
2674,7fb9f840-4ec8-11e8-bf43-985fd331b2ee,NULL,B62-17,Weisshorn,
2675,7fa0f200-4ec8-11e8-b045-985fd331b2ee,NULL,B63-01,Besso NW,
2676,7f9b4cb0-4ec8-11e8-93c4-985fd331b2ee,NULL,B63-07,Glacier du Grand Cornier N,
2677,7f97550f-4ec8-11e8-9e56-985fd331b2ee,NULL,B63-10,Pigne de la Lé,
2678,7fa33bf0-4ec8-11e8-bdbb-985fd331b2ee,NULL,B63-13,Blanc de Moming,
2679,7f98b4a1-4ec8-11e8-a984-985fd331b2ee,NULL,B63-15,Grand Cornier,
2680,7f99c611-4ec8-11e8-8551-985fd331b2ee,NULL,B63-17,Bouquetins S,
2681,7f97f14f-4ec8-11e8-8706-985fd331b2ee,NULL,B63-19,Bouquetins N,
2682,7f852ca1-4ec8-11e8-a5d4-985fd331b2ee,NULL,B64-06,Glacier de Moiry E,
2683,8227c3f0-4ec8-11e8-9b43-985fd331b2ee,NULL,B64-07,Pointes du Mourti,
2684,81b4dde1-4ec8-11e8-81ba-985fd331b2ee,NULL,C53-02,Ghiacciaio de Mucia SE,mucia
2685,81e0339e-4ec8-11e8-b2fe-985fd331b2ee,151,E35-23,Vadret Laviner,laviner
2686,81f31f61-4ec8-11e8-9ac9-985fd331b2ee,325,E41-03,Vadret Pischa,pischa
2687,8213036e-4ec8-11e8-ab39-985fd331b2ee,336,E50-02,Vadret Sagliains,sagliains
2688,7f6e4940-4ec8-11e8-8be1-985fd331b2ee,380,B73-13,Mont Collon,montcollon
2689,7f2643c0-4ec8-11e8-90b9-985fd331b2ee,48,B16-03,Glacier de Prapio,prapio
2690,805bdd8f-4ec8-11e8-b7ff-985fd331b2ee,NULL,B52-05,Port,
2691,7f84905e-4ec8-11e8-973a-985fd331b2ee,NULL,B72-03,Pointes de Mourti,
2692,7f81d140-4ec8-11e8-8c3c-985fd331b2ee,NULL,B72-04,Glacier des Rosses S (Evolène),
2693,7f92c130-4ec8-11e8-903e-985fd331b2ee,NULL,B72-06,Glacier de Moiry,
2694,7f8db821-4ec8-11e8-814a-985fd331b2ee,NULL,B72-07,Glacier de Bricola,
2695,7f913a91-4ec8-11e8-b572-985fd331b2ee,NULL,B72-08,Glacier de la Dent Blanche,
2696,7f8ccdc0-4ec8-11e8-a6d6-985fd331b2ee,NULL,B72-10,Glacier des Manzettes,
2697,82286030-4ec8-11e8-ae82-985fd331b2ee,NULL,B72-12,Ferpècle S,
2698,7f7c5300-4ec8-11e8-a07f-985fd331b2ee,NULL,B72-13,Ferpècle N,
2699,7f7415a1-4ec8-11e8-89f8-985fd331b2ee,NULL,B72-16,Glacier de l'Aiguille,
2700,7f759c40-4ec8-11e8-80be-985fd331b2ee,NULL,B72-17,Glacier de Montay,
2701,7f76adb0-4ec8-11e8-aba8-985fd331b2ee,NULL,B72-18,Grande Dent de Veisivi,
2702,7f7cef40-4ec8-11e8-9753-985fd331b2ee,NULL,B72-27,Ferpècle E,
2703,7f75270f-4ec8-11e8-a2d7-985fd331b2ee,NULL,B72-29,Pointe de Genevois,
2704,7f717d8f-4ec8-11e8-9bd9-985fd331b2ee,NULL,B73-01,Glacier de Tsarmine,
2705,7f710861-4ec8-11e8-ab58-985fd331b2ee,NULL,B73-04,Tsalion W,
2706,7f709330-4ec8-11e8-97c4-985fd331b2ee,NULL,B73-05,Glacier de la Tsa,
2707,7f701e00-4ec8-11e8-a4a6-985fd331b2ee,NULL,B73-06,Glacier des Douves Blanches,
2708,7f77bf21-4ec8-11e8-a2bf-985fd331b2ee,NULL,B73-08,Dents de Bertol,
2709,7f791eb0-4ec8-11e8-853f-985fd331b2ee,NULL,B73-10,Glacier des Bouquetins E,
2710,7f78d08f-4ec8-11e8-bf06-985fd331b2ee,NULL,B73-11,Pointe Barnes,
2711,7f645e2e-4ec8-11e8-9b87-985fd331b2ee,NULL,B73-22,Glacier Inférieur des Aiguilles Rouges,
2712,7f63e900-4ec8-11e8-8ca5-985fd331b2ee,NULL,B73-26,Glacier de la Vouasson,
2713,7f7219d1-4ec8-11e8-b618-985fd331b2ee,NULL,B73-27,Tsalion NW,
2714,7f79baf0-4ec8-11e8-863a-985fd331b2ee,NULL,B73-29,Glacier des Bouquetins N,
2715,7f761170-4ec8-11e8-87f7-985fd331b2ee,NULL,B73-30,Glacier des Bouquetins S,
2716,7f6ebe70-4ec8-11e8-ad2e-985fd331b2ee,NULL,B73-31,Mont Collon N,
2717,7f6a2a8f-4ec8-11e8-b708-985fd331b2ee,NULL,B73-34,Glacier de Pièce W,
2718,7f65488f-4ec8-11e8-8283-985fd331b2ee,NULL,B73-36,Glacier Supérieur des Aiguilles Rouges N,
2719,7f64ac4f-4ec8-11e8-af97-985fd331b2ee,NULL,B73-37,Glacier de la Vouasson S,
2720,7f67445e-4ec8-11e8-b126-985fd331b2ee,NULL,B73-38,Mont de l'Etoile,
2721,7f619f0f-4ec8-11e8-ab5c-985fd331b2ee,NULL,B74-01,Glacier de Merderé,
2722,7f6129e1-4ec8-11e8-8443-985fd331b2ee,NULL,B74-02,Glacier de Zaudric,
2723,7f62b080-4ec8-11e8-a183-985fd331b2ee,NULL,B74-04,Glacier des Darbonires N,
2724,7f621440-4ec8-11e8-a77d-985fd331b2ee,NULL,B74-05,Glacier des Darbonires S,
2725,7f5b5d80-4ec8-11e8-9e69-985fd331b2ee,NULL,B74-09,Glacier de la Luette,
2726,7f573ecf-4ec8-11e8-a01a-985fd331b2ee,NULL,B74-13,Glacier de la Sâle N,
2727,7f559121-4ec8-11e8-93ec-985fd331b2ee,NULL,B74-14,Glacier des Pantalons Blancs N,
2728,7f532021-4ec8-11e8-9332-985fd331b2ee,NULL,B74-15,Glacier des Ecoulaies,
2729,7f4d2cb0-4ec8-11e8-b4e4-985fd331b2ee,NULL,B74-17,Glacier de Mourti,
2730,7f4ba60f-4ec8-11e8-91d4-985fd331b2ee,NULL,B74-18,Glacier de Prafleuri,
2731,7f50880f-4ec8-11e8-a33e-985fd331b2ee,NULL,B74-20,Glacier de Métail,
2732,7f4eb34f-4ec8-11e8-bd1a-985fd331b2ee,NULL,B74-22,Glacier d'Orchère,
2733,7f5f0700-4ec8-11e8-8363-985fd331b2ee,NULL,B74-23,Mont Blanc de Cheillon,
2734,7f4c9070-4ec8-11e8-ac2d-985fd331b2ee,NULL,B75-05,Grand Mont Calme,
2735,7f369770-4ec8-11e8-b8ba-985fd331b2ee,NULL,B82-02,Glacier de la Chaux,
2736,87b319b6-e42b-11ed-b5ea-0242ac120002,NULL,C45-04,Pizzo Nass,
2737,7f49aa40-4ec8-11e8-859e-985fd331b2ee,NULL,B82-08,Glacier du Parrain,
2738,7f4f9db0-4ec8-11e8-bcce-985fd331b2ee,NULL,B82-11,Glacier du Crêt,
2739,7f54cdcf-4ec8-11e8-bccc-985fd331b2ee,NULL,B82-12,Le Pleureur,
2740,7f5ce41e-4ec8-11e8-81bd-985fd331b2ee,NULL,B82-18,Glacier de la Ruinette,
2741,7f66cf30-4ec8-11e8-b94b-985fd331b2ee,NULL,B82-23,Porton Nord,
2742,7f687ce1-4ec8-11e8-ab48-985fd331b2ee,NULL,B82-25,Pointes du Brenay,
2743,7f6a9fc0-4ec8-11e8-952d-985fd331b2ee,NULL,B82-26,La Sigla,
2744,7f5c6eee-4ec8-11e8-83c0-985fd331b2ee,NULL,B82-32,Tsoume des Bouchs,
2745,7f44c840-4ec8-11e8-a1a7-985fd331b2ee,NULL,B82-35,Avril,
2746,7f42a55e-4ec8-11e8-907c-985fd331b2ee,NULL,B82-38,Boussine,
2747,7f3bc78f-4ec8-11e8-87fb-985fd331b2ee,NULL,B82-39,Tour de Boussine,
2748,7f381e0f-4ec8-11e8-949c-985fd331b2ee,NULL,B82-40,Combin de la Tsessette,
2749,7f3d000f-4ec8-11e8-9511-985fd331b2ee,NULL,B82-42,Tournelon Blanc S,
2750,7f476051-4ec8-11e8-9a9b-985fd331b2ee,NULL,B82-47,Mont Avril,
2751,7f3ab61e-4ec8-11e8-bc63-985fd331b2ee,NULL,B82-48,Glacier du Grand Combin,
2752,7f67e09e-4ec8-11e8-9bab-985fd331b2ee,NULL,B82-51,Pointe Sud du Brenay,
2753,7f7bb6c0-4ec8-11e8-a9e5-985fd331b2ee,NULL,B82-52,Col de Crête Sèche,
2754,82402dee-4ec8-11e8-b504-985fd331b2ee,NULL,B82-53,Glacier de la Sâle S,
2755,8240ca30-4ec8-11e8-a7df-985fd331b2ee,NULL,B82-54,Glacier des Pantalons Blancs E,
2756,7f33d851-4ec8-11e8-8429-985fd331b2ee,NULL,B83-04,Combin de Corbassière,
2757,7f2f928f-4ec8-11e8-9132-985fd331b2ee,NULL,B83-06,Glacier des Follâts E,
2758,7f3055e1-4ec8-11e8-bce3-985fd331b2ee,NULL,B83-08,Glacier du Petit Combin E,
2759,7f2de4e1-4ec8-11e8-8e99-985fd331b2ee,NULL,B83-10,Glacier du Petit Combin W,
2760,7f318e5e-4ec8-11e8-8d50-985fd331b2ee,NULL,B83-15,Glacier des Follâts,
2761,8233359e-4ec8-11e8-bd89-985fd331b2ee,NULL,B83-16,Glacier du Tournelon Blanc W,
2762,8233d1e1-4ec8-11e8-9975-985fd331b2ee,NULL,B83-17,Tournelon Blanc SW,
2763,82344711-4ec8-11e8-80e9-985fd331b2ee,NULL,B83-18,Tournelon Blanc E,
2764,7f2cfa80-4ec8-11e8-8469-985fd331b2ee,NULL,B84-02,Glacier Pendant,
2765,7f2ef64f-4ec8-11e8-889e-985fd331b2ee,NULL,B84-08,Glacier de la Trouye,
2766,7f311930-4ec8-11e8-b222-985fd331b2ee,NULL,B84-09,Glacier du Meitin,
2767,7f3278c0-4ec8-11e8-a65a-985fd331b2ee,NULL,B84-13,Grand Carré,
2768,7f281880-4ec8-11e8-8770-985fd331b2ee,NULL,B84-19,Glacier de Pieudet,
2769,7f2a3b5e-4ec8-11e8-bd15-985fd331b2ee,NULL,B84-21,Dôme du Vélan,
2770,7f39f2cf-4ec8-11e8-8979-985fd331b2ee,NULL,B82-49,Grand Tavé,
2771,7f1d4311-4ec8-11e8-af98-985fd331b2ee,NULL,B85-01,Glacier des Angroniettes,
2772,7f17288f-4ec8-11e8-b818-985fd331b2ee,NULL,B85-06,Les Rosettes,
2773,7f1309de-4ec8-11e8-b128-985fd331b2ee,NULL,B85-08,Glacier de l'A Neuve N,
2774,7f197280-4ec8-11e8-9e34-985fd331b2ee,NULL,B85-11,Glacier de Treutsebo,
2775,7f0fd58f-4ec8-11e8-8385-985fd331b2ee,NULL,B85-17,Suzanne,
2776,7f126d9e-4ec8-11e8-887e-985fd331b2ee,NULL,B85-20,Glacier des Ravines Rousses,
2777,7f149080-4ec8-11e8-9706-985fd331b2ee,NULL,B85-26,Grande Lui,
2778,7f1aab00-4ec8-11e8-98dd-985fd331b2ee,NULL,B85-27,Glacier de l'Evole W,
2779,7f11d161-4ec8-11e8-a472-985fd331b2ee,NULL,B86-01,Glacier d'Arpette,
2780,7f18610f-4ec8-11e8-9b62-985fd331b2ee,NULL,B86-03,Rond Glacier,
2781,7f0e4ef0-4ec8-11e8-882e-985fd331b2ee,NULL,B90-03,Otanes,
2782,7f0d3d80-4ec8-11e8-85c5-985fd331b2ee,NULL,B90-05,Glacier des Berons,
2783,7ef82ee1-4ec8-11e8-8696-985fd331b2ee,NULL,B92-05,Glacier des Rosses (Salvan),
2784,7ef9b580-4ec8-11e8-a700-985fd331b2ee,NULL,B92-06,Col du Ruan,
2785,7f07982e-4ec8-11e8-bf10-985fd331b2ee,NULL,B92-09,Glaciers de la Tour Sallière,
2786,7f0b8fcf-4ec8-11e8-8ca3-985fd331b2ee,NULL,B92-10,Fontabran,
2787,7ef2fec0-4ec8-11e8-80be-985fd331b2ee,NULL,B92-11,Sé Blanc,
2788,7ef34cde-4ec8-11e8-9132-985fd331b2ee,NULL,B92-12,Pointe des Rosses,
2789,7f08d0b0-4ec8-11e8-b022-985fd331b2ee,NULL,B93-02,Grand Revers,
2790,7f02dd40-4ec8-11e8-a62e-985fd331b2ee,NULL,B93-04,Plan Chateau,
2791,7f05754f-4ec8-11e8-9d70-985fd331b2ee,NULL,B93-07,Tour Salière,
2792,7f0c2c11-4ec8-11e8-bbcf-985fd331b2ee,NULL,B94-01,Plan Névé NE,
2793,7f0acc80-4ec8-11e8-b7da-985fd331b2ee,NULL,B95-01,Glacier de Chalin,
2794,7f03c7a1-4ec8-11e8-9032-985fd331b2ee,NULL,B95-03,Glacier de Soi,
2795,7efdd430-4ec8-11e8-b069-985fd331b2ee,NULL,B95-05,Antème E,
2796,7f010880-4ec8-11e8-bd93-985fd331b2ee,NULL,B95-06,L'Eglise N,
2797,7f01a4c0-4ec8-11e8-950e-985fd331b2ee,NULL,B95-07,L'Eglise S,
2798,7eff5acf-4ec8-11e8-8d91-985fd331b2ee,NULL,B95-09,Glacier du Mont Ruan E,
2799,7ef28991-4ec8-11e8-8f90-985fd331b2ee,NULL,B95-10,Glacier des Ottans,
2800,7ef91940-4ec8-11e8-a360-985fd331b2ee,NULL,B95-11,Petit Ruan E,
2801,7efc2680-4ec8-11e8-bf32-985fd331b2ee,NULL,B95-15,Antème W,
2802,7ef71d70-4ec8-11e8-9050-985fd331b2ee,NULL,B95-19,Glacier du Mont Ruan W,
2803,7ef1c640-4ec8-11e8-88e0-985fd331b2ee,NULL,B95-21,Corna Mornay,
2804,80630980-4ec8-11e8-80b1-985fd331b2ee,NULL,C00-07,Zwischenbergengletscher E,
2805,805e4e8f-4ec8-11e8-9ed6-985fd331b2ee,NULL,C00-11,Tällihorn,
2806,80652c61-4ec8-11e8-bc74-985fd331b2ee,NULL,C01-02,Tälligletscher E (Zwischenbergen),
2807,80626d40-4ec8-11e8-bf40-985fd331b2ee,NULL,C01-03,Tälligletscher (Zwischenbergen),
2808,805c79d1-4ec8-11e8-8b15-985fd331b2ee,NULL,C01-04,Weissmiesgletscher,
2809,80585b1e-4ec8-11e8-a2d0-985fd331b2ee,NULL,C01-09,Holutriftgletscher,
2810,805b685e-4ec8-11e8-a23e-985fd331b2ee,NULL,C02-02,Bodmergletscher,
2811,804bd800-4ec8-11e8-a49f-985fd331b2ee,NULL,C02-06,Griessernugletscher,
2812,80471d0f-4ec8-11e8-892f-985fd331b2ee,NULL,C03-04,Griessernuhorn,
2813,807272cf-4ec8-11e8-8bfd-985fd331b2ee,NULL,C05-02,Alpjergletscher,
2814,810ae240-4ec8-11e8-9773-985fd331b2ee,NULL,C14-11,Kastelfirn,
2815,8116c921-4ec8-11e8-845d-985fd331b2ee,NULL,C14-15,Pizzo dell'Arzo,
2816,810a4600-4ec8-11e8-9f5d-985fd331b2ee,NULL,C14-04,Tamierhorn,
2817,81056400-4ec8-11e8-8652-985fd331b2ee,NULL,C14-12,Kastelhorn W,
2818,81e25680-4ec8-11e8-98ba-985fd331b2ee,NULL,E26-05,Piz Fedoz,
2819,805af330-4ec8-11e8-9a09-985fd331b2ee,NULL,C02-03,Rossbodegletscher NE,
2820,81aaa4ae-4ec8-11e8-bcc4-985fd331b2ee,NULL,C45-03,Ghiacciaio di Giumello,
2821,81abb61e-4ec8-11e8-9f38-985fd331b2ee,NULL,C45-05,Ghiacciaio di Piotta,
2822,81a8a8de-4ec8-11e8-bf92-985fd331b2ee,NULL,C46-02,Ghiacciaio di Alto,
2823,81cef591-4ec8-11e8-977d-985fd331b2ee,NULL,C82-01,Piz Duan NE,
2824,81ccf9c0-4ec8-11e8-b016-985fd331b2ee,NULL,C82-03,Piz Duan NW,
2825,81df4940-4ec8-11e8-8138-985fd331b2ee,NULL,C83-07,Monte del Forno,
2826,8232242e-4ec8-11e8-a256-985fd331b2ee,NULL,C84-17,Cima della Bondasca,
2827,81d3b080-4ec8-11e8-922a-985fd331b2ee,NULL,C84-20,Vadrec dal Castel Nord,
2828,81d13f80-4ec8-11e8-a133-985fd331b2ee,NULL,C85-03,Sciora Dafora,
2829,81cafdf0-4ec8-11e8-b020-985fd331b2ee,NULL,C85-10,Vadrec da la Trubinasca W,
2830,820d370f-4ec8-11e8-8f21-985fd331b2ee,NULL,C93-02,Vadret da Canton,
2831,820ebdb0-4ec8-11e8-8be7-985fd331b2ee,NULL,C93-07,Vadret da Sassal Mason,
2832,820dac40-4ec8-11e8-b8f8-985fd331b2ee,NULL,C93-08,Forcula dal Caral,
2833,81dfbe70-4ec8-11e8-9a6f-985fd331b2ee,NULL,C83-04,Val Muretto,
2834,81d62180-4ec8-11e8-8dc4-985fd331b2ee,NULL,C84-06,Pass di Caciadur,
2835,82091861-4ec8-11e8-9e9d-985fd331b2ee,NULL,E15-04,Piz Prüna,
2836,820791c0-4ec8-11e8-89b7-985fd331b2ee,NULL,E21-07,Vadret d'Arlas E,
2837,81fbaae1-4ec8-11e8-b237-985fd331b2ee,NULL,E22-07,Vadret Boval Dadains NE,
2838,81f82870-4ec8-11e8-9e13-985fd331b2ee,NULL,E22-10,Vadret Boval Dadour,
2839,8221f78f-4ec8-11e8-83f5-985fd331b2ee,NULL,E22-11,Vadret da la Fortezza,
2840,81fa725e-4ec8-11e8-93f6-985fd331b2ee,NULL,E22-12,Vadret Boval Dadains S,
2841,81f4a600-4ec8-11e8-a401-985fd331b2ee,NULL,E23-02,Vadrettin da Misaun S,
2842,81f6a1cf-4ec8-11e8-ad0c-985fd331b2ee,NULL,E23-04,Vadrettin da Tschierva,
2843,81f2aa30-4ec8-11e8-bc47-985fd331b2ee,NULL,E23-09,Motta da Naiv,
2844,81ec8fb0-4ec8-11e8-8831-985fd331b2ee,NULL,E23-12,Vadret dal Chapütschin,
2845,81eba54f-4ec8-11e8-82a0-985fd331b2ee,NULL,E23-15,Fuorcla dal Lej Sgrischus,
2846,81e98270-4ec8-11e8-86b3-985fd331b2ee,NULL,E24-04,Vadret dal Murtèl (Sils),
2847,81ee164f-4ec8-11e8-bdcd-985fd331b2ee,NULL,E24-05,Vadret dal Corvatsch N,
2848,81e90d40-4ec8-11e8-b048-985fd331b2ee,NULL,E25-01,Plaun de las Furtschellas,
2849,81ea1eb0-4ec8-11e8-a204-985fd331b2ee,NULL,E25-03,Vadrettin dal Chapütschin,
2850,81ec1a80-4ec8-11e8-8d89-985fd331b2ee,NULL,E25-04,Vadret dal Tremoggia,
2851,81e786a1-4ec8-11e8-8120-985fd331b2ee,NULL,E25-07,Vadret dal Güz,
2852,81e2f2c0-4ec8-11e8-8e64-985fd331b2ee,NULL,E26-04,Pizzo del Muretto,
2853,81e1e14f-4ec8-11e8-a9a5-985fd331b2ee,NULL,E32-02,Vadret Lagrev,
2854,820806ee-4ec8-11e8-b99d-985fd331b2ee,NULL,E15-05,Piz Pischa,
2855,81f5b770-4ec8-11e8-afe0-985fd331b2ee,NULL,E23-01,Vadrettin da Misaun N,
2856,81eb0911-4ec8-11e8-8588-985fd331b2ee,NULL,E23-13,Piz da Lej Alv,
2857,81e1450f-4ec8-11e8-adfa-985fd331b2ee,NULL,E35-25,Piz Laviner E,
2858,81fc471e-4ec8-11e8-82f9-985fd331b2ee,NULL,E42-01,Vadret Viluoch,
2859,81f7b340-4ec8-11e8-a69e-985fd331b2ee,NULL,E42-02,Vadret da Porchabella E,
2860,822b9480-4ec8-11e8-af02-985fd331b2ee,NULL,E42-13,Vadret da Porchabella NE,
2861,82071c91-4ec8-11e8-b61c-985fd331b2ee,NULL,E43-06,Grippa Naira,
2862,8221825e-4ec8-11e8-84cf-985fd331b2ee,NULL,E44-08,Vadret da Sarsuret W,
2863,820cc1e1-4ec8-11e8-94f6-985fd331b2ee,NULL,E45-07,Gletschtäli,
2864,820a9f00-4ec8-11e8-b90b-985fd331b2ee,NULL,E45-11,Vadret da Grialetsch E,
2865,82048480-4ec8-11e8-a385-985fd331b2ee,NULL,E46-01,Vadret da Radönt,
2866,821414de-4ec8-11e8-ab8c-985fd331b2ee,NULL,E50-04,Muntanellas,
2867,82152651-4ec8-11e8-9d0b-985fd331b2ee,NULL,E50-06,Vadret da las Maisas,
2868,821aa491-4ec8-11e8-a500-985fd331b2ee,NULL,E51-04,Fuorcla da Vermunt,
2869,821bb600-4ec8-11e8-b234-985fd331b2ee,NULL,E51-06,Vadret Tuoi,
2870,8208a330-4ec8-11e8-88f3-985fd331b2ee,NULL,E46-08,Jörifless,
2871,821a084f-4ec8-11e8-9b97-985fd331b2ee,NULL,E51-01,Anschatscha,
2872,821b40d1-4ec8-11e8-a3d6-985fd331b2ee,NULL,E51-05,Jeramias,
2873,81e367ee-4ec8-11e8-b482-985fd331b2ee,NULL,E35-12,Vadret Traunter Ovas,
2874,821d3ca1-4ec8-11e8-896a-985fd331b2ee,NULL,E52-05,Vadret da Chalaus,
2875,821db1d1-4ec8-11e8-baa1-985fd331b2ee,NULL,E52-06,Vadret Futschöl,
2876,821e2700-4ec8-11e8-9063-985fd331b2ee,NULL,E73-04,Vadret da Fluchthorn N (Krone),
2877,87b30da4-e42b-11ed-b5ea-0242ac120002,NULL,B25-11,Schwarzhorn S,
2878,87b31056-e42b-11ed-b5ea-0242ac120002,NULL,E73-09,Fuora da Cuolmen,
2879,87b311a0-e42b-11ed-b5ea-0242ac120002,NULL,B82-64,Bec de Rosses,
2880,09790df8-7587-4289-bf56-624e6b5051e8,NULL,C43-11,Cima di Fornee,
2881,87b312d6-e42b-11ed-b5ea-0242ac120002,NULL,B74-31,Pointes de la Rosette,
2882,87b31772-e42b-11ed-b5ea-0242ac120002,NULL,E15-15,Pruna,
2883,87b3188a-e42b-11ed-b5ea-0242ac120002,NULL,E15-13,Fuorcla Federia,
2884,87b31c22-e42b-11ed-b5ea-0242ac120002,NULL,B62-18,Peterey,
2885,87b31d3a-e42b-11ed-b5ea-0242ac120002,NULL,E56-09,Fuorcla Chamins,
2886,87b31e5c-e42b-11ed-b5ea-0242ac120002,NULL,E52-15,Grisch,
2887,87b3214a-e42b-11ed-b5ea-0242ac120002,NULL,C36-07,Prevat,
2888,87b3232a-e42b-11ed-b5ea-0242ac120002,NULL,E42-15,Viluoch,
2889,87b33090-e42b-11ed-b5ea-0242ac120002,NULL,C43-12,Pontirone,
2890,87b332d4-e42b-11ed-b5ea-0242ac120002,NULL,E42-23,Chavorgia,
2891,87b33540-e42b-11ed-b5ea-0242ac120002,NULL,E42-17,Müsella,
2892,87b33658-e42b-11ed-b5ea-0242ac120002,NULL,B74-25,Rouges,
2893,87b33892-e42b-11ed-b5ea-0242ac120002,NULL,B74-24,Mont Rouges,
2894,87b339b4-e42b-11ed-b5ea-0242ac120002,NULL,E07-03,Macun,
2895,87b341ca-e42b-11ed-b5ea-0242ac120002,NULL,B92-23,Breche de Perron,
2896,87b345bc-e42b-11ed-b5ea-0242ac120002,NULL,C34-07,Forcella,
2897,87b3494a-e42b-11ed-b5ea-0242ac120002,NULL,B74-30,Les Roches,
2898,068f24fb-ac31-4263-bbf5-3d8053452b0e,NULL,C32-17,Laghetto,
2899,f55ec51e-4052-4221-b708-d85e611ad095,NULL,B36-42,Beich W,
2900,6229047f-5454-4bfe-97a8-0942eb698d09,NULL,B95-12,Cole de Paresseux,
2901,77517bb1-9df6-4d64-b833-48bb015c3721,NULL,C93-10,Piz Garal,
2902,7f25324f-4ec8-11e8-b727-985fd331b2ee,NULL,B16-09,Glacier du Prapio S,
2903,81d2ed30-4ec8-11e8-906a-985fd331b2ee,NULL,C84-14,Vadrec dal Castel Sud,
2904,81cc0f61-4ec8-11e8-a1c6-985fd331b2ee,NULL,C85-09,Vadrec da la Trubinasca E,
2905,823865c0-4ec8-11e8-9db5-985fd331b2ee,NULL,E42-12,Piz da l'Hom,
2906,820ff630-4ec8-11e8-93d8-985fd331b2ee,NULL,E44-02,Vadret da Sarsuret E,
2907,8203e840-4ec8-11e8-bea6-985fd331b2ee,NULL,E45-09,Chilbiritzen,
2908,820b3b40-4ec8-11e8-9b25-985fd331b2ee,NULL,E46-05,Champatsch,
2909,81908d00-4ec8-11e8-8006-985fd331b2ee,114,A50i-07,Plattalva / Griessfirn,plattalva
2910,bb1e18ae-74a9-11ea-bc55-0242ac130003,NULL,A50i-10,Hinter Selbsanft,
